a,b,count,sides,expected,freq_a,freq_b,G2,PMI,collocation,kind
040,040,29,7,1.75,123,123,121.77,4.05,True,sign + sign
330,330,7,1,0.02,13,13,77.79,8.49,True,sign + sign
65,65,6,1,0.01,9,9,76.37,9.32,True,sign + sign
080,004,14,3,0.64,19,291,74.07,4.45,True,sign + stroke
098,007,8,2,0.11,8,114,69.84,6.25,True,sign + sign
378,041,6,1,0.02,6,34,67.59,7.99,True,sign + sign
390,378,5,1,0.01,12,6,62.85,9.23,True,sign + sign
166,068,5,2,0.01,5,22,60.98,8.62,True,sign + sign
048,048,11,5,0.57,70,70,47.72,4.28,True,sign + sign
090,090,17,3,2.04,133,133,45.69,3.06,True,stroke chain
124,098,4,1,0.01,11,8,43.93,8.62,True,sign + sign
440,440,5,2,0.04,18,18,42.06,7.06,True,sign + sign
020,080,7,2,0.20,89,19,39.86,5.16,True,stroke + sign
015,022,8,1,0.38,15,219,38.73,4.40,True,sign + stroke
700,700,24,11,5.34,215,215,38.27,2.17,True,sign + sign
079,079,6,5,0.12,32,32,37.67,5.66,True,sign + sign
067,067,7,6,0.29,50,50,33.11,4.60,True,sign + sign
300,300,10,3,0.87,87,87,32.49,3.52,True,sign + sign
066,760,6,1,0.19,47,35,31.59,4.98,True,sign + sign
041,670,7,1,0.34,34,87,30.90,4.36,True,sign + sign
002,002,39,11,15.06,361,361,29.80,1.37,True,stroke chain
081,004,10,1,1.14,34,291,28.58,3.13,True,sign + stroke
385,003,6,1,0.25,33,66,28.15,4.58,True,sign + stroke
064,660,4,1,0.06,18,27,27.79,6.15,True,sign + sign
605,605,5,4,0.14,35,35,27.35,5.14,True,sign + sign
001,009,15,4,3.05,432,61,26.93,2.30,True,stroke chain
040,390,5,2,0.17,123,12,26.63,4.87,True,sign + sign
090,070,11,3,1.51,133,98,26.43,2.87,True,stroke + sign
004,022,24,4,7.36,291,219,25.81,1.70,True,stroke chain
090,013,5,1,0.20,133,13,24.86,4.65,True,stroke + sign
091,091,6,5,0.38,57,57,23.17,4.00,True,sign + sign
005,005,14,8,2.96,160,160,23.04,2.24,True,stroke chain
027,077,4,4,0.11,58,16,22.48,5.22,True,sign + sign
660,081,4,1,0.11,27,34,22.31,5.24,True,sign + sign
007,600,14,10,3.07,114,233,22.29,2.19,True,sign + sign
020,020,8,4,0.92,89,89,21.69,3.13,True,stroke chain
007,067,7,6,0.66,114,50,21.62,3.41,True,sign + sign
040,300,9,1,1.24,123,87,21.44,2.86,True,sign + sign
022,203,6,1,0.48,219,19,21.23,3.64,True,stroke + sign
010,760,5,1,0.28,69,35,20.42,4.16,True,sign + sign
026,006,4,3,0.16,9,150,20.35,4.68,True,sign + sign
760,040,6,1,0.50,35,123,20.06,3.59,True,sign + sign
607,607,5,5,0.29,50,50,20.01,4.11,True,sign + sign
001,380,18,7,5.44,432,109,19.93,1.73,True,stroke + sign
095,095,5,4,0.30,51,51,19.62,4.06,True,sign + sign
076,071,7,1,0.78,82,82,19.31,3.17,True,sign + sign
670,008,7,1,0.79,87,79,19.02,3.14,True,sign + sign
022,022,18,11,5.54,219,219,18.99,1.70,True,stroke chain
072,010,4,2,0.17,21,69,18.69,4.58,True,sign + sign
004,760,8,3,1.18,291,35,18.66,2.76,True,stroke + sign
071,604,4,1,0.17,82,18,18.65,4.55,True,sign + sign
200,200,15,8,4.08,188,188,18.53,1.88,True,sign + sign
280,001,16,10,4.69,94,432,18.45,1.77,True,sign + stroke
006,124,4,1,0.19,150,11,18.36,4.39,True,sign + sign
755,050,6,5,0.58,56,89,18.17,3.38,True,sign + sign
741,091,4,2,0.19,29,57,17.51,4.39,True,sign + sign
300,004,12,3,2.93,87,291,17.04,2.04,True,sign + stroke
381,381,5,3,0.42,60,60,16.42,3.59,True,sign + sign
208,007,5,4,0.43,33,114,16.15,3.52,True,sign + sign
045,010,4,2,0.23,29,69,16.00,4.11,True,sign + sign
066,066,4,1,0.26,47,47,15.14,3.97,True,sign + sign
063,063,4,3,0.27,48,48,14.81,3.91,True,sign + sign
088,001,4,4,0.35,7,432,14.76,3.52,True,sign + stroke
071,090,7,1,1.26,82,133,13.20,2.47,True,sign + stroke
090,071,7,1,1.26,133,82,13.20,2.47,True,stroke + sign
022,025,6,2,0.94,219,37,13.03,2.68,True,stroke + sign
002,595,4,2,0.42,361,10,12.50,3.26,True,stroke + sign
059,059,4,2,0.36,56,56,12.42,3.46,True,sign + sign
071,010,5,1,0.65,82,69,12.17,2.93,True,sign + sign
670,099,4,3,0.38,87,38,12.07,3.39,True,sign + sign
002,034,7,4,1.46,361,35,11.92,2.26,True,stroke + sign
001,007,15,11,5.69,432,114,11.49,1.40,True,stroke + sign
062,001,7,5,1.55,31,432,11.37,2.18,True,sign + stroke
071,076,5,1,0.78,82,82,10.62,2.69,False,sign + sign
700,071,8,1,2.04,215,82,10.59,1.97,False,sign + sign
001,630,6,5,1.25,432,25,10.41,2.27,False,stroke + sign
430,006,8,2,2.06,119,150,10.36,1.96,False,sign + sign
041,040,4,3,0.48,34,123,10.36,3.05,False,sign + sign
004,305,5,4,0.84,291,25,10.33,2.57,False,stroke + sign
260,004,5,2,0.84,25,291,10.33,2.57,False,sign + stroke
063,670,4,2,0.48,48,87,10.30,3.05,False,sign + sign
001,001,37,17,21.57,432,432,10.28,0.78,False,stroke chain
005,204,4,2,0.50,160,27,10.21,3.00,False,stroke + sign
069,200,5,4,0.85,39,188,10.01,2.56,False,sign + sign
003,003,4,4,0.50,66,66,9.97,2.99,False,stroke chain
091,008,4,3,0.52,57,79,9.73,2.94,False,sign + sign
002,144,5,2,0.92,361,22,9.68,2.45,False,stroke + sign
380,290,4,3,0.53,109,42,9.65,2.92,False,sign + sign
004,660,5,2,0.91,291,27,9.61,2.46,False,stroke + sign
046,004,5,3,0.91,27,291,9.61,2.46,False,sign + stroke
002,306,8,6,2.25,361,54,9.54,1.83,False,stroke + sign
022,068,4,3,0.56,219,22,9.53,2.84,False,stroke + sign
050,670,5,3,0.89,89,87,9.39,2.48,False,sign + sign
301,200,4,4,0.56,26,188,9.34,2.82,False,sign + sign
050,050,5,4,0.92,89,89,9.20,2.45,False,sign + sign
380,607,4,3,0.63,109,50,8.39,2.67,False,sign + sign
073,073,4,3,0.63,74,74,8.33,2.66,False,sign + sign
600,060,6,4,1.48,233,55,8.23,2.02,False,sign + sign
070,091,4,4,0.65,98,57,8.20,2.63,False,sign + sign
079,001,6,4,1.60,32,432,7.79,1.91,False,sign + stroke
700,076,7,1,2.04,215,82,7.79,1.78,False,sign + sign
001,290,7,5,2.10,432,42,7.76,1.74,False,stroke + sign
092,022,4,3,0.71,28,219,7.73,2.50,False,sign + stroke
071,011,4,1,0.69,82,73,7.71,2.53,False,sign + sign
011,076,4,1,0.69,73,82,7.71,2.53,False,sign + sign
208,200,4,4,0.72,33,188,7.59,2.48,False,sign + sign
070,070,5,3,1.11,98,98,7.59,2.17,False,sign + sign
006,006,8,5,2.60,150,150,7.59,1.62,False,sign + sign
022,055,4,4,0.73,219,29,7.48,2.45,False,stroke + sign
008,600,7,4,2.13,79,233,7.35,1.72,False,sign + sign
760,004,5,2,1.18,35,291,7.32,2.09,False,sign + stroke
034,004,5,3,1.18,35,291,7.32,2.09,False,sign + stroke
007,059,4,2,0.74,114,56,7.29,2.44,False,sign + sign
002,254,6,5,1.67,361,40,7.26,1.85,False,stroke + sign
430,430,6,4,1.64,119,119,7.19,1.87,False,sign + sign
002,080,4,2,0.79,361,19,7.17,2.34,False,stroke + sign
004,002,22,10,12.14,291,361,7.09,0.86,False,stroke chain
380,022,8,3,2.76,109,219,6.95,1.54,False,sign + stroke
076,076,4,1,0.78,82,82,6.92,2.36,False,sign + sign
005,001,16,12,7.99,160,432,6.79,1.00,False,stroke chain
002,290,6,4,1.75,361,42,6.79,1.78,False,stroke + sign
067,022,5,4,1.27,50,219,6.63,1.98,False,sign + stroke
522,700,6,6,1.76,71,215,6.57,1.77,False,sign + sign
072,002,4,1,0.88,21,361,6.44,2.19,False,sign + stroke
522,022,6,5,1.80,71,219,6.41,1.74,False,sign + stroke
004,522,7,7,2.39,291,71,6.23,1.55,False,stroke + sign
002,680,4,2,0.92,361,22,6.11,2.12,False,stroke + sign
600,090,9,1,3.58,233,133,6.11,1.33,False,sign + stroke
004,004,18,10,9.79,291,291,6.00,0.88,False,stroke chain
600,600,13,9,6.27,233,233,5.90,1.05,False,sign + sign
002,745,4,4,0.96,361,23,5.81,2.06,False,stroke + sign
095,001,7,7,2.55,51,432,5.72,1.46,False,sign + stroke
200,600,11,6,5.06,188,233,5.55,1.12,False,sign + sign
006,400,4,2,0.99,150,57,5.39,2.02,False,sign + sign
006,430,6,4,2.06,150,119,5.18,1.54,False,sign + sign
090,700,8,3,3.30,133,215,5.03,1.28,False,stroke + sign
040,006,6,1,2.13,123,150,4.91,1.49,False,sign + sign
001,280,10,8,4.69,432,94,4.91,1.09,False,stroke + sign
065,200,4,3,1.09,50,188,4.82,1.88,False,sign + sign
002,046,4,3,1.13,361,27,4.75,1.83,False,stroke + sign
050,005,5,5,1.65,89,160,4.61,1.60,False,sign + stroke
090,011,4,1,1.12,133,73,4.59,1.83,False,stroke + sign
008,040,4,2,1.12,79,123,4.59,1.83,False,sign + sign
600,002,4,4,9.72,233,361,4.58,-1.28,False,sign + stroke
430,076,4,3,1.13,119,82,4.56,1.83,False,sign + sign
047,002,4,2,1.17,28,361,4.52,1.78,False,sign + stroke
002,010,7,5,2.88,361,69,4.51,1.28,False,stroke + sign
022,050,6,5,2.25,219,89,4.49,1.41,False,stroke + sign
059,002,6,3,2.34,56,361,4.29,1.36,False,sign + stroke
700,021,4,2,1.19,215,48,4.28,1.75,False,sign + sign
670,002,8,4,3.63,87,361,4.19,1.14,False,sign + stroke
048,022,5,2,1.77,70,219,4.12,1.50,False,sign + stroke
076,090,4,2,1.26,82,133,3.91,1.67,False,sign + stroke
040,050,4,2,1.27,123,89,3.89,1.66,False,sign + sign
001,004,8,7,14.53,432,291,3.77,-0.86,False,stroke chain
053,002,6,6,2.50,60,361,3.75,1.26,False,sign + stroke
700,002,4,1,8.97,215,361,3.67,-1.17,False,sign + stroke
004,280,7,4,3.16,291,94,3.67,1.15,False,stroke + sign
090,020,4,1,1.37,133,89,3.45,1.55,False,stroke chain
002,001,26,13,18.02,361,432,3.45,0.53,False,stroke chain
001,003,7,3,3.30,432,66,3.40,1.09,False,stroke chain
381,004,5,3,2.02,60,291,3.30,1.31,False,sign + stroke
001,206,4,4,1.45,432,29,3.29,1.47,False,stroke + sign
022,700,10,5,5.44,219,215,3.25,0.88,False,stroke + sign
071,700,5,1,2.04,82,215,3.21,1.30,False,sign + sign
605,002,4,4,1.46,35,361,3.20,1.45,False,sign + stroke
034,002,4,4,1.46,35,361,3.20,1.45,False,sign + stroke
760,002,4,3,1.46,35,361,3.20,1.45,False,sign + stroke
002,760,4,3,1.46,361,35,3.20,1.45,False,stroke + sign
200,280,5,4,2.04,188,94,3.18,1.29,False,sign + sign
600,205,4,3,1.48,233,55,3.06,1.43,False,sign + sign
002,200,13,10,7.84,361,188,3.05,0.73,False,stroke + sign
053,700,4,4,1.49,60,215,3.02,1.42,False,sign + sign
600,059,4,4,1.51,233,56,2.96,1.41,False,sign + sign
059,600,4,1,1.51,56,233,2.96,1.41,False,sign + sign
001,062,4,2,1.55,432,31,2.92,1.37,False,stroke + sign
600,400,4,4,1.53,233,57,2.87,1.38,False,sign + sign
002,430,9,7,4.96,361,119,2.83,0.86,False,stroke + sign
066,004,4,3,1.58,47,291,2.74,1.34,False,sign + stroke
004,066,4,2,1.58,291,47,2.74,1.34,False,stroke + sign
071,600,5,1,2.21,82,233,2.72,1.18,False,sign + sign
020,700,5,3,2.21,89,215,2.71,1.18,False,stroke + sign
700,020,5,3,2.21,215,89,2.71,1.18,False,sign + stroke
200,073,4,3,1.61,188,74,2.62,1.31,False,sign + sign
522,002,6,5,2.96,71,361,2.56,1.02,False,sign + stroke
700,430,6,3,2.96,215,119,2.53,1.02,False,sign + sign
001,002,12,7,18.02,432,361,2.48,-0.59,False,stroke chain
050,002,7,6,3.71,89,361,2.46,0.91,False,sign + stroke
380,090,4,3,1.68,109,133,2.41,1.26,False,sign + stroke
400,002,5,4,2.38,57,361,2.34,1.07,False,sign + stroke
001,600,7,5,11.63,432,233,2.30,-0.73,False,stroke + sign
600,007,6,4,3.07,233,114,2.30,0.97,False,sign + sign
600,050,5,4,2.40,233,89,2.26,1.06,False,sign + sign
048,700,4,3,1.74,70,215,2.24,1.20,False,sign + sign
200,076,4,2,1.78,188,82,2.12,1.17,False,sign + sign
607,001,5,3,2.50,50,432,2.09,1.00,False,sign + stroke
001,065,5,4,2.50,432,50,2.09,1.00,False,stroke + sign
700,011,4,3,1.81,215,73,2.05,1.14,False,sign + sign
025,001,4,2,1.85,37,432,2.02,1.11,False,sign + stroke
090,430,4,3,1.83,133,119,2.00,1.13,False,stroke + sign
073,700,4,3,1.84,74,215,1.98,1.12,False,sign + sign
009,002,5,4,2.54,61,361,1.97,0.97,False,stroke chain
003,001,6,5,3.30,66,432,1.92,0.86,False,stroke chain
001,005,12,7,7.99,432,160,1.89,0.59,False,stroke chain
040,600,6,5,3.31,123,233,1.85,0.86,False,sign + sign
070,600,5,4,2.64,98,233,1.75,0.92,False,sign + sign
022,001,7,5,10.93,219,432,1.74,-0.64,False,stroke chain
002,004,8,4,12.14,361,291,1.72,-0.60,False,stroke chain
306,001,5,3,2.70,54,432,1.69,0.89,False,sign + stroke
430,002,8,6,4.96,119,361,1.67,0.69,False,sign + stroke
700,001,15,12,10.73,215,432,1.64,0.48,False,sign + stroke
022,008,4,2,2.00,219,79,1.62,1.00,False,stroke + sign
004,381,4,4,2.02,291,60,1.59,0.99,False,stroke + sign
002,003,5,3,2.75,361,66,1.57,0.86,False,stroke chain
002,739,4,3,2.04,361,49,1.55,0.97,False,stroke + sign
600,200,8,7,5.06,233,188,1.53,0.66,False,sign + sign
001,522,6,6,3.54,432,71,1.51,0.76,False,stroke + sign
001,755,5,5,2.80,432,56,1.51,0.84,False,stroke + sign
001,200,13,10,9.39,432,188,1.35,0.47,False,stroke + sign
700,670,4,3,2.16,215,87,1.30,0.89,False,sign + sign
670,004,5,4,2.93,87,291,1.28,0.77,False,sign + stroke
004,670,5,5,2.93,291,87,1.28,0.77,False,stroke + sign
002,050,6,4,3.71,361,89,1.26,0.69,False,stroke + sign
600,071,4,1,2.21,233,82,1.22,0.86,False,sign + sign
380,002,7,6,4.55,109,361,1.21,0.62,False,sign + stroke
002,700,6,4,8.97,361,215,1.18,-0.58,False,stroke + sign
050,022,4,4,2.25,89,219,1.15,0.83,False,sign + stroke
022,006,6,5,3.80,219,150,1.14,0.66,False,stroke + sign
040,005,4,4,2.27,123,160,1.11,0.81,False,sign + stroke
004,007,6,3,3.83,291,114,1.10,0.65,False,stroke + sign
007,004,6,5,3.83,114,291,1.10,0.65,False,sign + stroke
002,060,4,2,2.29,361,55,1.10,0.80,False,stroke + sign
060,002,4,2,2.29,55,361,1.10,0.80,False,sign + stroke
040,700,5,4,3.06,123,215,1.09,0.71,False,sign + sign
700,280,4,4,2.34,215,94,1.02,0.78,False,sign + sign
280,002,6,5,3.92,94,361,1.01,0.61,False,sign + stroke
021,001,4,3,2.40,48,432,0.95,0.74,False,sign + stroke
022,004,5,5,7.36,219,291,0.90,-0.56,False,stroke chain
002,600,7,6,9.72,361,233,0.90,-0.47,False,stroke + sign
001,739,4,4,2.45,432,49,0.88,0.71,False,stroke + sign
065,001,4,2,2.50,50,432,0.82,0.68,False,sign + stroke
001,607,4,4,2.50,432,50,0.82,0.68,False,stroke + sign
004,700,5,4,7.23,291,215,0.81,-0.53,False,stroke + sign
700,600,8,8,5.79,215,233,0.80,0.47,False,sign + sign
005,002,9,7,6.68,160,361,0.78,0.43,False,stroke chain
002,005,9,5,6.68,361,160,0.78,0.43,False,stroke chain
004,040,6,5,4.14,291,123,0.78,0.54,False,stroke + sign
040,004,6,2,4.14,123,291,0.78,0.54,False,sign + stroke
001,095,4,4,2.55,432,51,0.76,0.65,False,stroke + sign
022,600,4,4,5.90,219,233,0.72,-0.56,False,stroke + sign
010,001,5,4,3.44,69,432,0.66,0.54,False,sign + stroke
007,001,4,4,5.69,114,432,0.59,-0.51,False,sign + stroke
600,004,10,7,7.84,233,291,0.59,0.35,False,sign + stroke
004,600,10,6,7.84,291,233,0.59,0.35,False,stroke + sign
001,306,4,4,2.70,432,54,0.59,0.57,False,stroke + sign
205,001,4,4,2.75,55,432,0.54,0.54,False,sign + stroke
050,001,6,6,4.44,89,432,0.53,0.43,False,sign + stroke
600,001,14,8,11.63,233,432,0.49,0.27,False,sign + stroke
002,300,5,4,3.63,361,87,0.49,0.46,False,stroke + sign
004,005,7,6,5.38,291,160,0.47,0.38,False,stroke chain
007,700,4,4,2.83,114,215,0.44,0.50,False,sign + sign
002,020,5,4,3.71,361,89,0.43,0.43,False,stroke chain
380,600,4,4,2.94,109,233,0.36,0.45,False,sign + sign
020,004,4,4,2.99,89,291,0.32,0.42,False,stroke chain
007,002,6,6,4.76,114,361,0.32,0.34,False,sign + stroke
040,002,4,4,5.13,123,361,0.28,-0.36,False,sign + stroke
200,001,8,3,9.39,188,432,0.23,-0.23,False,sign + stroke
006,600,5,5,4.04,150,233,0.22,0.31,False,sign + sign
001,076,5,1,4.09,432,82,0.20,0.29,False,stroke + sign
600,430,4,3,3.20,233,119,0.19,0.32,False,sign + sign
004,001,13,7,14.53,291,432,0.18,-0.16,False,stroke chain
001,430,5,4,5.94,432,119,0.17,-0.25,False,stroke + sign
022,002,8,4,9.14,219,361,0.16,-0.19,False,stroke chain
600,040,4,3,3.31,233,123,0.14,0.27,False,sign + sign
022,200,4,2,4.76,219,188,0.13,-0.25,False,stroke + sign
200,022,4,3,4.76,188,219,0.13,-0.25,False,sign + stroke
600,700,5,5,5.79,233,215,0.12,-0.21,False,sign + sign
200,004,7,6,6.32,188,291,0.07,0.15,False,sign + stroke
090,001,6,3,6.64,133,432,0.07,-0.15,False,stroke chain
020,001,4,3,4.44,89,432,0.05,-0.15,False,stroke chain
380,001,5,4,5.44,109,432,0.04,-0.12,False,sign + stroke
700,022,5,5,5.44,215,219,0.04,-0.12,False,sign + stroke
001,006,7,6,7.49,432,150,0.03,-0.10,False,stroke + sign
670,001,4,4,4.34,87,432,0.03,-0.12,False,sign + stroke
001,670,4,4,4.34,432,87,0.03,-0.12,False,stroke + sign
005,004,5,5,5.38,160,291,0.03,-0.11,False,stroke chain
005,600,4,4,4.31,160,233,0.02,-0.11,False,stroke + sign
006,700,4,2,3.73,150,215,0.02,0.10,False,sign + sign
001,700,11,9,10.73,432,215,0.01,0.04,False,stroke + sign
001,040,6,5,6.14,432,123,0.00,-0.03,False,stroke + sign
200,002,8,8,7.84,188,361,0.00,0.03,False,sign + stroke
002,022,9,5,9.14,361,219,0.00,-0.02,False,stroke chain
002,070,4,4,4.09,361,98,0.00,-0.03,False,stroke + sign
002,280,4,4,3.92,361,94,0.00,0.03,False,stroke + sign
008,001,4,4,3.94,79,432,0.00,0.02,False,sign + stroke
022,005,4,2,4.05,219,160,0.00,-0.02,False,stroke chain
005,022,4,3,4.05,160,219,0.00,-0.02,False,stroke chain
430,001,6,3,5.94,119,432,0.00,0.01,False,sign + stroke
001,022,11,8,10.93,432,219,0.00,0.01,False,stroke chain
004,006,5,5,5.04,291,150,0.00,-0.01,False,stroke + sign
700,005,4,4,3.98,215,160,0.00,0.01,False,sign + stroke
