sign,tokens,coverage,precision,decomposes,n_parts,parts
016,11,1.000,0.722,True,1,011@1.0
062,31,1.000,0.907,True,1,011m@1.0
074,25,1.000,0.548,False,2,004@1.0 + 027@1.0
077,16,1.000,0.884,True,1,006m@1.0
087,14,1.000,0.706,True,2,001@1.0 + 430@0.65
134,3,1.000,0.663,False,2,073m@1.0 + 002@0.65
149,3,1.000,0.988,True,1,070@1.0
207,22,1.000,0.990,True,2,200@1.0 + 011@0.5
461,5,1.000,0.548,False,3,430m@0.8 + 093m@0.4 + 306@0.8
464,1,1.000,0.662,False,2,306@1.0 + 059m@0.65
541,1,1.000,0.554,False,2,020m@1.0 + 205@1.0
588,2,1.000,0.819,True,3,053@1.0 + 010m@0.4 + 069@0.65
729,4,1.000,0.515,False,2,020m@1.0 + 607@1.0
674,1,0.998,0.630,False,3,670@1.0 + 025m@0.4 + 002@0.8
777,2,0.998,0.566,False,2,200@1.0 + 025@1.0
407,5,0.998,0.891,True,1,607@1.0
326,23,0.998,0.613,False,2,306@1.0 + 008@0.8
639,1,0.998,0.451,False,2,008@1.0 + 008@1.0
148,3,0.998,0.876,True,1,070@1.0
147,1,0.998,0.880,True,1,070m@1.0
432,3,0.998,0.755,True,2,380@1.0 + 006@0.8
098,8,0.998,0.641,False,3,280@0.8 + 430@0.4 + 430m@0.8
567,2,0.998,0.660,False,2,008@1.0 + 021@1.0
018,1,0.997,0.769,True,1,070@1.0
728,1,0.997,0.792,True,3,670@0.8 + 059m@0.5 + 004@0.5
146,7,0.997,0.545,False,2,073m@1.0 + 093m@1.0
520,7,0.997,0.681,False,2,200m@1.0 + 021m@0.8
745,23,0.997,0.648,False,2,020@1.0 + 095m@1.0
727,2,0.996,0.621,False,3,020@1.0 + 044m@0.4 + 381m@0.8
096,6,0.996,0.461,False,2,008m@1.0 + 021m@1.0
647,1,0.996,0.637,False,2,600@1.0 + 254m@1.0
710,1,0.996,0.993,True,1,065@1.0
092,28,0.996,0.670,False,2,005m@1.0 + 600@0.65
691,1,0.996,0.835,True,3,200@0.8 + 053@0.4 + 290m@0.4
055,29,0.995,0.658,False,2,040m@1.0 + 027@0.8
487,1,0.995,0.774,True,3,430m@0.8 + 020@0.5 + 076@0.4
346,1,0.994,0.724,True,3,306@0.8 + 755m@0.5 + 380m@0.8
536,5,0.994,0.821,True,2,306@0.4 + 050m@0.4
179,1,0.994,0.690,False,3,670@1.0 + 430@0.4 + 306@0.65
468,1,0.994,0.684,False,3,254@1.0 + 755@0.5 + 400@0.65
587,1,0.993,0.631,False,2,008m@0.8 + 063@1.0
712,1,0.993,0.836,True,2,005m@1.0 + 063@0.65
463,1,0.993,0.789,True,2,306@1.0 + 430@0.65
565,0,0.993,0.878,True,1,070m@1.0
072,21,0.993,0.617,False,2,400@1.0 + 007m@1.0
220,13,0.992,0.940,True,2,200@1.0 + 071@0.5
518,1,0.992,0.625,False,2,008@1.0 + 200@1.0
180,1,0.992,0.697,False,3,306@0.8 + 044m@0.8 + 755@0.8
123,6,0.992,0.806,True,1,070@1.0
474,1,0.992,0.592,False,2,020m@1.0 + 607@1.0
167,3,0.992,0.640,False,2,022m@1.0 + 007m@1.0
652,1,0.992,0.924,True,2,607@1.0 + 066m@0.4
781,2,0.992,0.596,False,3,254m@0.8 + 600m@0.65 + 600m@0.65
585,1,0.992,0.750,True,2,381@1.0 + 059m@0.8
732,1,0.991,0.658,False,2,381@1.0 + 600@0.8
406,6,0.991,0.959,True,1,306@1.0
320,22,0.991,0.903,True,2,300@1.0 + 027m@0.4
190,5,0.991,0.688,False,3,430@0.8 + 607m@0.4 + 205m@0.5
694,1,0.991,0.517,False,2,290@1.0 + 020m@1.0
396,1,0.991,0.951,True,1,306@1.0
188,1,0.991,0.843,True,2,205@1.0 + 755m@0.5
597,1,0.991,0.709,True,2,607@1.0 + 020@0.8
140,3,0.990,0.936,True,1,070m@1.0
771,4,0.990,0.785,True,3,430m@0.8 + 065@0.4 + 002m@0.4
199,0,0.990,0.643,False,2,063m@0.8 + 700m@0.4
655,2,0.990,0.671,False,2,059@1.0 + 380@1.0
619,1,0.989,0.829,True,2,600@1.0 + 021m@0.65
638,2,0.989,0.652,False,2,099@1.0 + 254m@0.8
365,1,0.989,0.701,True,2,020@1.0 + 002@0.65
184,1,0.989,0.920,True,2,300@1.0 + 067@0.4
111,2,0.988,0.955,True,1,070m@1.0
102,7,0.988,0.795,True,1,067@1.0
722,3,0.988,0.925,True,2,053@1.0 + 010m@0.4
177,1,0.988,0.749,True,3,070@1.0 + 522@0.4 + 044@1.0
161,6,0.988,0.591,False,2,073m@1.0 + 755m@0.8
152,1,0.988,0.828,True,2,200m@0.8 + 290@0.65
354,1,0.987,0.980,True,1,254@1.0
450,31,0.987,0.903,True,1,069@1.0
596,1,0.987,0.762,True,2,306@1.0 + 044@1.0
415,2,0.987,0.679,False,3,254@0.8 + 076@0.4 + 430m@0.8
410,5,0.986,0.621,False,3,254@1.0 + 059m@0.5 + 200@0.8
408,2,0.986,0.900,True,2,607@0.8 + 063@0.4
544,0,0.986,0.763,True,1,254m@1.0
082,4,0.986,0.774,True,2,200@1.0 + 306@0.5
460,13,0.985,0.925,True,2,200@1.0 + 522m@0.4
431,7,0.985,0.789,True,2,300@1.0 + 306m@0.5
171,0,0.984,0.593,False,2,254@1.0 + 002m@0.8
049,33,0.984,0.865,True,2,073@1.0 + 002m@0.5
163,2,0.984,0.593,False,2,007@1.0 + 095m@1.0
580,4,0.984,0.645,False,2,200@0.8 + 073@1.0
551,7,0.984,0.606,False,2,205@1.0 + 008m@1.0
113,1,0.984,0.726,True,3,205m@1.0 + 300@0.4 + 290m@0.8
201,8,0.984,0.997,True,1,205@1.0
058,3,0.983,0.774,True,2,020m@0.8 + 009m@0.5
608,13,0.983,0.927,True,2,607@0.8 + 063@0.5
175,2,0.983,0.668,False,2,008m@1.0 + 003@1.0
599,9,0.983,0.690,False,2,093m@1.0 + 003@1.0
666,5,0.983,0.741,True,2,025m@1.0 + 254m@0.65
295,2,0.982,0.663,False,2,205m@1.0 + 607@0.8
738,1,0.982,0.534,False,2,020m@1.0 + 205m@1.0
041,34,0.982,0.912,True,2,022@1.0 + 011@0.5
545,3,0.982,0.729,True,2,381@1.0 + 004m@0.8
324,9,0.982,0.796,True,2,205@1.0 + 004m@1.0
653,1,0.982,0.648,False,2,607@1.0 + 381m@0.8
576,1,0.982,0.956,True,1,306@1.0
446,3,0.982,0.539,False,2,381@1.0 + 254m@0.8
023,17,0.981,0.985,True,1,040@1.0
696,1,0.981,0.650,False,2,306@1.0 + 755@1.0
086,14,0.981,0.858,True,1,009@1.0
302,9,0.981,0.956,True,1,205@1.0
185,1,0.981,0.749,True,2,205@0.8 + 065@1.0
507,1,0.981,0.740,True,2,306@1.0 + 430@0.8
592,1,0.980,0.689,False,2,099m@1.0 + 007m@0.8
211,9,0.980,0.939,True,2,205@1.0 + 050m@0.4
555,1,0.980,0.754,True,2,607@1.0 + 095m@0.8
047,28,0.980,0.623,False,3,020@1.0 + 063@0.65 + 021m@0.65
733,2,0.980,0.692,False,2,205@1.0 + 022m@0.8
145,3,0.980,0.909,True,2,027m@1.0 + 095m@0.4
421,8,0.980,0.819,True,1,400@1.0
015,15,0.980,0.873,True,2,050m@1.0 + 254m@0.4
043,6,0.980,0.659,False,3,430@0.8 + 430@0.4 + 607@0.4
126,9,0.980,0.596,False,2,600m@1.0 + 093@0.8
523,1,0.979,0.568,False,2,522@1.0 + 021m@1.0
142,1,0.979,0.699,False,2,059@1.0 + 021m@0.65
723,1,0.979,0.679,False,2,381@1.0 + 607@0.65
341,0,0.979,0.568,False,2,254m@1.0 + 280m@1.0
176,1,0.979,0.689,False,3,381@0.8 + 095m@0.8 + 430@0.4
305,25,0.979,0.930,True,1,205@1.0
440,18,0.979,0.939,True,1,069@1.0
195,1,0.978,0.671,False,2,059@1.0 + 205@0.8
144,22,0.978,0.847,True,1,059@1.0
582,2,0.978,0.662,False,3,430@0.8 + 060@0.4 + 607@0.65
734,8,0.978,0.721,True,2,430m@1.0 + 022@0.65
741,29,0.978,0.702,True,2,381@1.0 + 027m@0.8
013,13,0.978,0.918,True,1,070m@1.0
240,13,0.978,0.588,False,2,600m@1.0 + 607m@1.0
141,7,0.978,0.778,True,2,027@1.0 + 095@0.4
451,20,0.977,0.698,False,2,522m@1.0 + 430@0.65
061,20,0.977,0.922,True,1,004@1.0
014,7,0.977,0.826,True,1,070m@1.0
150,5,0.977,0.838,True,3,020@1.0 + 011@0.65 + 040@0.65
356,5,0.977,0.947,True,1,254@1.0
160,5,0.977,0.914,True,1,053@1.0
172,1,0.977,0.666,False,3,381@1.0 + 053m@0.4 + 290@0.8
012,5,0.977,0.893,True,1,005m@1.0
212,3,0.977,0.796,True,1,254m@1.0
401,4,0.976,0.704,True,2,205@1.0 + 063@1.0
532,21,0.976,0.829,True,3,430m@1.0 + 067@0.5 + 430@0.4
262,1,0.976,0.603,False,2,306@1.0 + 059@1.0
124,11,0.976,0.746,True,2,008m@1.0 + 290@0.8
763,0,0.976,0.752,True,2,280@1.0 + 430m@1.0
379,16,0.976,0.821,True,2,380@1.0 + 400m@0.5
747,3,0.976,0.672,False,2,600m@0.8 + 607@0.5
697,4,0.976,0.975,True,1,607@1.0
550,2,0.975,0.832,True,2,400@1.0 + 027@0.8
083,3,0.975,0.905,True,1,067@1.0
577,0,0.975,0.735,True,2,607@0.8 + 607m@0.65
579,2,0.975,0.640,False,2,020@1.0 + 027@1.0
527,2,0.975,0.700,False,2,607@1.0 + 022@0.8
756,1,0.975,0.915,True,2,755@1.0 + 059m@0.5
376,10,0.975,0.723,True,3,430m@0.8 + 067m@0.5 + 021@0.5
155,1,0.975,0.929,True,1,050@1.0
035,9,0.975,0.670,False,3,430@1.0 + 004m@0.65 + 059m@0.65
514,1,0.975,0.687,False,2,254@1.0 + 205@0.8
214,6,0.974,0.978,True,2,205@0.8 + 090@0.4
323,1,0.974,0.880,True,2,306@1.0 + 300@0.4
216,7,0.974,0.804,True,1,254@1.0
129,6,0.974,0.920,True,1,040m@1.0
397,0,0.974,0.910,True,2,306@1.0 + 071@0.4
699,0,0.974,0.800,True,3,290m@1.0 + 067@0.65 + 063@0.8
586,1,0.974,0.741,True,2,381@1.0 + 306@0.8
051,11,0.974,0.604,False,2,025@0.8 + 063@1.0
502,1,0.974,0.766,True,2,300@1.0 + 059m@0.65
742,5,0.973,0.632,False,2,020@1.0 + 306@0.8
509,3,0.973,0.814,True,3,254m@0.8 + 300m@0.4 + 600@0.4
224,8,0.973,0.902,True,2,205@1.0 + 430m@0.4
274,1,0.973,0.611,False,2,381@1.0 + 022@1.0
260,25,0.972,0.893,True,1,200m@1.0
209,12,0.972,0.699,False,2,430m@1.0 + 021@0.5
026,9,0.972,0.741,True,2,025@0.8 + 004m@1.0
498,3,0.972,0.612,False,3,059@1.0 + 059m@0.5 + 002m@0.8
622,2,0.972,0.816,True,2,306@1.0 + 076m@0.8
056,12,0.972,0.550,False,2,099@1.0 + 021@0.8
139,2,0.971,0.839,True,2,027@1.0 + 060@0.65
568,2,0.971,0.656,False,2,005@1.0 + 306m@0.8
119,1,0.970,0.689,False,2,600@1.0 + 430@1.0
736,9,0.970,0.723,True,2,205@1.0 + 002m@0.65
309,5,0.970,0.709,True,3,205m@1.0 + 600@0.4 + 007@0.65
375,3,0.970,0.861,True,2,205@1.0 + 059m@0.4
046,27,0.970,0.977,True,1,011@1.0
081,34,0.969,0.900,True,2,739@1.0 + 095m@0.5
654,1,0.969,0.753,True,3,254m@0.8 + 400@0.4 + 400@0.65
562,1,0.969,0.750,True,2,607m@1.0 + 670m@0.8
215,11,0.968,0.968,True,2,205@1.0 + 063@0.5
492,2,0.968,0.609,False,2,254@1.0 + 254m@0.8
672,2,0.968,0.915,True,2,522@1.0 + 011@0.8
064,18,0.968,0.946,True,1,011@1.0
052,8,0.968,0.996,True,1,004@1.0
045,29,0.968,0.950,True,1,001@1.0
189,1,0.968,0.931,True,2,200m@1.0 + 076@0.4
387,3,0.967,0.966,True,2,380@1.0 + 040m@0.5
790,7,0.967,0.801,True,2,059@1.0 + 071m@0.65
618,1,0.967,0.924,True,2,607@0.8 + 063@0.5
591,12,0.967,0.890,True,1,005m@1.0
279,3,0.966,0.695,False,2,205@1.0 + 002m@0.8
173,1,0.966,0.717,True,2,381@1.0 + 280m@0.8
024,11,0.966,0.991,True,1,040@1.0
657,1,0.966,0.777,True,2,400@1.0 + 059@0.5
194,1,0.965,0.725,True,2,050m@1.0 + 430m@0.65
566,2,0.965,0.953,True,1,306@1.0
128,6,0.965,0.814,True,2,020@0.8 + 053@0.4
110,4,0.965,0.890,True,1,011@1.0
246,5,0.965,0.724,True,2,306@1.0 + 430m@0.8
361,1,0.965,0.773,True,2,306@1.0 + 025m@0.65
301,26,0.964,0.941,True,1,205@1.0
490,2,0.964,0.840,True,3,430@0.8 + 290m@0.4 + 430@0.4
662,1,0.964,0.941,True,2,020m@0.8 + 008m@0.5
556,1,0.964,0.879,True,3,607@0.8 + 063@0.4 + 007m@0.5
605,35,0.964,0.882,True,2,205@1.0 + 070m@0.4
769,2,0.964,0.894,True,2,280@1.0 + 002@0.5
088,7,0.964,0.811,True,1,067@1.0
393,1,0.964,0.564,False,2,205@1.0 + 254@1.0
690,6,0.964,0.966,True,1,600@1.0
663,2,0.964,0.763,True,2,670@1.0 + 430m@0.8
226,9,0.964,0.942,True,2,306@1.0 + 027m@0.4
322,3,0.963,0.938,True,2,306@1.0 + 430m@0.4
304,6,0.963,0.931,True,1,306@1.0
036,7,0.963,0.524,False,2,022m@1.0 + 044m@1.0
761,1,0.963,0.705,True,3,600m@1.0 + 063@0.65 + 007m@0.8
448,1,0.963,0.905,True,2,280m@1.0 + 025m@0.4
335,1,0.963,0.649,False,2,205@1.0 + 300@1.0
285,1,0.963,0.596,False,2,205@1.0 + 002@1.0
760,35,0.963,0.612,False,2,254@1.0 + 254@0.8
133,4,0.963,0.980,True,2,065@1.0 + 010m@0.4
530,36,0.963,0.748,True,2,200m@1.0 + 607@0.65
589,2,0.963,0.585,False,2,020m@1.0 + 002@1.0
664,4,0.962,0.821,True,2,020m@1.0 + 059@0.4
383,6,0.962,0.976,True,2,380@1.0 + 067m@0.65
452,1,0.962,0.611,False,2,025@1.0 + 430m@0.65
231,1,0.961,0.952,True,2,205@1.0 + 010@0.5
486,1,0.961,0.772,True,3,430m@1.0 + 069m@0.8 + 059m@0.5
193,2,0.961,0.752,True,2,400@1.0 + 306@0.65
131,1,0.961,0.882,True,2,200@0.8 + 430@0.4
752,5,0.961,0.641,False,2,755@1.0 + 095m@1.0
192,1,0.961,0.678,False,2,290@1.0 + 093@1.0
542,1,0.961,0.626,False,2,205m@1.0 + 002@0.8
321,4,0.961,0.891,True,2,205@1.0 + 430@0.4
244,16,0.960,0.760,True,2,306@1.0 + 430m@0.8
115,2,0.960,0.892,True,2,001@1.0 + 040m@0.4
616,1,0.960,0.716,True,2,600@1.0 + 430@1.0
537,3,0.960,0.907,True,2,607@0.4 + 076m@0.5
158,1,0.959,0.915,True,1,050@1.0
311,3,0.959,0.894,True,2,205@1.0 + 063@0.5
651,1,0.958,0.661,False,2,430@1.0 + 002@0.8
513,2,0.958,0.725,True,2,205m@1.0 + 430m@0.8
442,1,0.958,0.757,True,1,381@1.0
506,3,0.958,0.632,False,2,430m@1.0 + 021@0.65
032,5,0.958,0.754,True,1,006@1.0
525,1,0.957,0.820,True,2,070m@1.0 + 040@0.8
230,4,0.957,0.979,True,1,200@1.0
017,23,0.957,0.776,True,1,700m@1.0
510,11,0.957,0.860,True,2,200m@1.0 + 430@0.65
661,2,0.957,0.919,True,2,607m@0.8 + 006m@0.65
533,3,0.957,0.623,False,2,254@0.8 + 430@1.0
174,2,0.956,0.751,True,2,381@1.0 + 200m@0.8
494,1,0.956,0.617,False,2,254m@1.0 + 430@1.0
291,12,0.956,1.000,True,1,290@1.0
075,4,0.956,0.863,True,2,004@1.0 + 004@0.5
298,7,0.956,0.654,False,2,600m@1.0 + 400m@1.0
531,2,0.956,0.769,True,2,430@1.0 + 059@0.5
660,27,0.956,0.858,True,2,607@1.0 + 063@0.8
770,20,0.955,0.604,False,2,020m@1.0 + 430m@1.0
519,1,0.955,0.732,True,2,095@1.0 + 002m@0.65
505,2,0.955,0.913,True,1,205@1.0
132,3,0.955,0.906,True,2,065@1.0 + 053m@0.4
624,3,0.955,0.746,True,2,254m@1.0 + 607@0.5
252,2,0.955,0.987,True,1,254m@1.0
234,1,0.954,0.970,True,2,290m@1.0 + 430m@0.4
698,2,0.954,0.705,True,2,607@1.0 + 670@0.8
156,1,0.954,0.896,True,1,050@1.0
626,2,0.954,0.850,True,2,306@1.0 + 076m@0.8
776,4,0.954,0.690,False,2,430@1.0 + 254m@0.65
540,7,0.954,0.772,True,2,205@1.0 + 021m@0.65
673,2,0.954,0.943,True,2,670@1.0 + 011m@0.4
159,2,0.954,0.940,True,1,050@1.0
552,1,0.954,0.680,False,2,205@1.0 + 670m@0.8
465,2,0.953,0.756,True,2,205@1.0 + 021m@0.5
630,25,0.953,0.925,True,2,091m@0.65 + 040m@0.4
256,21,0.953,0.992,True,1,254@1.0
294,4,0.953,0.926,True,1,306@1.0
737,3,0.953,0.712,True,2,600m@1.0 + 290m@0.65
068,22,0.953,0.809,True,2,053m@1.0 + 006m@0.5
253,3,0.952,0.964,True,1,254@1.0
247,1,0.952,0.812,True,2,607@1.0 + 071m@0.5
296,2,0.952,0.944,True,1,306@1.0
493,9,0.952,0.877,True,2,020@1.0 + 067@0.5
164,2,0.952,0.816,True,1,070@1.0
534,4,0.951,0.823,True,2,430@1.0 + 700@0.5
578,2,0.951,0.757,True,2,607@0.8 + 254@0.8
501,2,0.951,0.886,True,2,205@1.0 + 063@0.4
325,6,0.951,0.896,True,2,205@1.0 + 380@0.4
637,1,0.951,0.776,True,2,600@1.0 + 670m@0.65
735,3,0.951,0.792,True,2,205@1.0 + 063m@0.8
392,1,0.951,0.873,True,2,020m@0.8 + 430@0.4
143,1,0.950,0.908,True,2,027m@0.8 + 306@0.4
469,2,0.950,0.862,True,2,430m@0.8 + 093@0.4
030,16,0.950,0.688,False,2,022m@1.0 + 065@1.0
331,1,0.950,0.933,True,2,300@1.0 + 700m@0.4
275,3,0.950,0.660,False,2,205@1.0 + 254@0.8
204,27,0.949,0.970,True,1,306@1.0
621,1,0.949,0.724,True,2,600@1.0 + 021m@0.65
515,3,0.949,0.857,True,1,020m@1.0
725,1,0.949,0.617,False,2,254@1.0 + 430@1.0
553,1,0.949,0.657,False,2,020m@1.0 + 027m@1.0
684,4,0.949,0.655,False,2,254m@1.0 + 254@0.8
103,3,0.949,0.725,True,1,011m@1.0
635,0,0.949,0.569,False,2,254m@1.0 + 007m@1.0
255,5,0.949,0.778,True,2,254@1.0 + 430@0.8
157,1,0.948,0.911,True,1,070@1.0
277,0,0.948,0.887,True,2,607@0.8 + 071@0.5
373,1,0.948,0.912,True,1,306@1.0
500,6,0.947,0.972,True,1,300@1.0
292,2,0.947,0.924,True,1,306@1.0
178,3,0.947,0.768,True,2,020@1.0 + 430m@0.65
692,2,0.946,0.800,True,1,200@1.0
778,3,0.946,0.944,True,1,200@1.0
496,1,0.946,0.685,False,2,607m@1.0 + 205@0.65
029,16,0.945,0.865,True,1,070@1.0
330,13,0.945,0.955,True,1,300@1.0
127,2,0.945,0.624,False,2,254m@1.0 + 290m@0.8
316,8,0.945,0.760,True,1,254@1.0
529,2,0.945,0.717,True,2,430m@0.8 + 430@0.8
281,2,0.945,0.970,True,1,280@1.0
609,3,0.945,0.815,True,2,607@1.0 + 063@0.8
165,4,0.945,0.783,True,1,020m@1.0
108,0,0.945,0.995,True,2,400@0.5 + 004@0.4
503,3,0.945,0.953,True,1,300@1.0
154,1,0.945,0.865,True,2,400@0.8 + 430m@0.4
730,30,0.945,0.979,True,2,739m@1.0 + 053@0.4
122,1,0.944,0.692,False,1,070@1.0
222,8,0.944,0.945,True,2,205@1.0 + 430m@0.4
447,1,0.944,0.695,False,1,670@1.0
445,13,0.944,0.757,True,1,381@1.0
225,4,0.944,0.928,True,2,205@1.0 + 400@0.4
384,22,0.943,0.923,True,1,381@1.0
517,3,0.943,0.856,True,2,739m@1.0 + 430m@0.65
038,4,0.943,0.709,True,2,381@1.0 + 067@0.8
504,3,0.943,0.948,True,1,306@1.0
590,8,0.943,0.984,True,1,200@1.0
187,2,0.943,0.846,True,2,254@1.0 + 093@0.5
458,1,0.943,0.635,False,2,020@1.0 + 027m@1.0
772,2,0.942,0.559,False,2,020@1.0 + 755@1.0
089,6,0.942,0.964,True,1,009m@1.0
206,29,0.942,0.990,True,1,205@1.0
286,4,0.942,0.946,True,1,306@1.0
191,4,0.942,0.886,True,2,290@1.0 + 430m@0.5
236,1,0.942,0.949,True,1,205@1.0
121,1,0.942,0.852,True,2,073@1.0 + 004@0.5
202,20,0.942,0.832,True,2,430@1.0 + 071@0.5
182,2,0.941,0.909,True,2,381@0.8 + 430m@0.5
085,5,0.941,0.846,True,1,070@1.0
100,4,0.940,0.830,True,1,020m@1.0
203,19,0.939,0.989,True,1,205@1.0
104,1,0.939,0.659,False,2,020m@1.0 + 007m@0.8
118,1,0.939,0.816,True,1,008m@1.0
594,3,0.939,0.838,True,2,280@1.0 + 021@0.65
595,10,0.939,0.733,True,2,430m@1.0 + 020m@0.65
569,4,0.939,1.000,True,1,069@1.0
642,1,0.939,0.837,True,2,254@0.8 + 755m@0.65
395,1,0.939,0.781,True,2,205m@1.0 + 430m@0.65
634,1,0.939,0.941,True,2,090@1.0 + 010m@0.4
598,3,0.939,0.708,True,2,254@1.0 + 306m@0.65
370,4,0.938,0.861,True,1,600@1.0
101,1,0.938,0.901,True,1,070@1.0
625,2,0.938,0.971,True,2,600@1.0 + 063@0.5
078,8,0.938,0.948,True,1,063m@1.0
521,3,0.938,0.968,True,2,522@1.0 + 076@0.65
538,2,0.938,0.851,True,2,430@0.65 + 076@0.5
528,0,0.937,0.812,True,2,306@1.0 + 044@1.0
130,3,0.937,0.699,False,2,093@1.0 + 093m@0.8
336,0,0.937,0.912,True,1,306@1.0
701,3,0.936,0.750,True,2,205@0.8 + 095@0.8
042,3,0.936,0.580,False,2,430m@1.0 + 021m@0.5
546,2,0.936,0.623,False,2,254m@1.0 + 290m@1.0
420,21,0.936,0.885,True,1,053m@1.0
658,1,0.936,0.784,True,1,020@1.0
120,2,0.936,0.938,True,1,011m@1.0
266,1,0.935,0.904,True,1,306@1.0
307,3,0.935,0.825,True,1,607@1.0
693,1,0.935,0.824,True,2,070@1.0 + 076@0.4
034,35,0.935,0.842,True,1,008m@1.0
743,1,0.935,0.841,True,2,020@1.0 + 095@0.4
671,2,0.935,0.872,True,2,306@1.0 + 004m@0.5
675,3,0.935,0.880,True,2,670@1.0 + 053m@0.4
601,2,0.935,0.759,True,2,306@1.0 + 430m@0.8
656,1,0.935,0.816,True,2,205@1.0 + 059m@0.65
181,2,0.934,0.994,True,1,300@1.0
632,1,0.934,0.588,False,2,254m@1.0 + 022@1.0
481,2,0.934,0.831,True,2,020m@0.8 + 755m@0.5
033,11,0.934,0.822,True,2,430m@1.0 + 063m@0.65
561,2,0.934,0.843,True,2,306@0.8 + 022@0.4
409,0,0.933,0.700,True,2,254m@1.0 + 306@0.8
314,1,0.933,0.804,True,1,254@1.0
208,33,0.932,0.813,True,2,280@1.0 + 430m@0.65
646,1,0.932,0.782,True,1,254@1.0
762,3,0.932,0.854,True,2,430m@0.8 + 044m@0.4
731,1,0.932,0.840,True,2,254@0.8 + 027@0.4
248,1,0.932,0.734,True,2,607@0.8 + 254@0.8
270,3,0.931,0.912,True,1,200@1.0
153,2,0.931,0.840,True,2,020m@0.8 + 067@0.4
477,0,0.931,0.691,False,2,254@1.0 + 400@0.8
079,32,0.931,0.883,True,2,063@1.0 + 053m@0.4
374,1,0.931,0.905,True,1,306@1.0
303,3,0.930,0.978,True,1,306@1.0
057,21,0.930,0.787,True,2,099@0.8 + 076m@0.4
360,16,0.930,0.921,True,1,300m@1.0
385,33,0.930,0.877,True,1,381@1.0
466,4,0.930,0.718,True,2,020@1.0 + 011m@0.8
276,4,0.930,0.944,True,1,306@1.0
107,3,0.929,0.698,False,2,254m@1.0 + 381@0.5
606,31,0.929,0.792,True,2,306@1.0 + 044@1.0
560,2,0.929,0.905,True,1,600@1.0
394,3,0.929,0.697,False,2,205@1.0 + 600@0.65
604,18,0.929,0.795,True,2,306@1.0 + 044@1.0
650,3,0.929,0.901,True,2,022@0.8 + 063m@0.5
633,9,0.928,0.814,True,2,607@1.0 + 739m@0.65
109,4,0.928,0.937,True,2,021m@1.0 + 306@0.4
667,2,0.928,0.646,False,2,254@1.0 + 254m@0.8
676,1,0.928,0.818,True,1,020@1.0
526,3,0.928,0.954,True,1,306@1.0
106,0,0.928,0.976,True,1,040@1.0
499,15,0.928,0.860,True,2,059@1.0 + 002m@0.4
135,1,0.927,0.970,True,1,004@1.0
603,1,0.927,0.809,True,2,306@1.0 + 011m@0.8
683,2,0.927,0.694,False,2,430m@1.0 + 021@0.65
574,1,0.927,0.966,True,1,306@1.0
489,1,0.927,0.685,False,2,254m@1.0 + 007m@0.8
491,1,0.926,0.690,False,2,254@1.0 + 003@1.0
724,5,0.926,0.897,True,1,053m@1.0
636,1,0.926,0.780,True,2,020@1.0 + 091@0.4
183,0,0.925,0.791,True,2,381@1.0 + 607@0.5
441,2,0.924,0.762,True,1,381@1.0
378,6,0.924,0.751,True,2,254@1.0 + 430@0.65
482,2,0.924,0.853,True,2,020@1.0 + 050m@0.5
386,30,0.924,0.884,True,2,381@1.0 + 053m@0.4
117,12,0.923,0.828,True,1,050m@1.0
404,3,0.923,0.953,True,1,306@1.0
232,5,0.923,0.897,True,2,430@0.8 + 004@0.5
471,2,0.923,0.893,True,2,670@0.8 + 430@0.4
476,1,0.923,0.913,True,2,306@0.8 + 059@0.4
459,3,0.922,0.722,True,2,025@1.0 + 430@0.8
037,9,0.922,0.824,True,1,063m@0.8
678,5,0.922,0.552,False,2,025m@1.0 + 670m@0.65
382,10,0.921,0.939,True,1,381@1.0
282,3,0.921,0.935,True,1,205@1.0
105,1,0.921,0.843,True,1,070@1.0
028,17,0.921,0.790,True,2,254@1.0 + 021m@0.5
583,3,0.921,0.909,True,2,205@1.0 + 400@0.4
554,1,0.921,0.747,True,2,254@1.0 + 430@0.4
227,1,0.921,0.848,True,1,254@1.0
748,3,0.921,0.752,True,1,254@1.0
263,4,0.920,0.895,True,1,306@1.0
315,2,0.920,0.918,True,2,205m@1.0 + 063m@0.5
680,22,0.920,0.773,True,2,254m@1.0 + 020m@0.5
613,1,0.920,0.726,True,2,306@1.0 + 254@0.5
575,6,0.920,0.956,True,1,205@1.0
349,0,0.920,0.764,True,2,020@1.0 + 063@0.8
116,5,0.920,0.627,False,2,254@1.0 + 021@0.5
726,10,0.919,0.847,True,2,306@1.0 + 060@0.4
245,3,0.919,0.782,True,2,254@1.0 + 430@0.65
299,2,0.919,0.791,True,2,600@1.0 + 002m@0.65
695,1,0.918,0.746,True,1,381@1.0
371,4,0.918,0.913,True,1,205@1.0
773,7,0.918,0.865,True,1,200m@1.0
284,1,0.918,0.948,True,1,205@1.0
169,0,0.918,0.761,True,1,020@1.0
366,3,0.917,0.993,True,1,306@1.0
543,1,0.917,0.836,True,2,205m@1.0 + 002@0.5
308,5,0.917,0.834,True,2,020@1.0 + 004m@0.65
557,1,0.917,0.773,True,2,607@0.8 + 002m@0.65
344,1,0.916,0.780,True,1,254@1.0
524,1,0.916,0.954,True,1,306@1.0
539,4,0.916,0.894,True,2,430m@0.8 + 044m@0.4
558,2,0.916,0.783,True,1,020@1.0
243,2,0.916,0.829,True,2,306@1.0 + 076m@0.8
721,4,0.915,0.810,True,2,430@1.0 + 006m@0.5
293,1,0.915,0.927,True,1,306@1.0
665,3,0.915,0.888,True,2,670@1.0 + 522@0.4
480,6,0.914,0.868,True,2,381@1.0 + 040@0.65
681,2,0.914,0.844,True,2,020m@0.8 + 063m@0.65
340,2,0.914,0.834,True,1,600@1.0
669,0,0.914,0.817,True,1,020m@1.0
390,12,0.914,0.891,True,1,290m@1.0
559,1,0.914,0.948,True,2,670@0.8 + 053m@0.5
470,20,0.913,0.774,True,2,059@1.0 + 069@0.4
497,1,0.913,0.858,True,2,607m@0.8 + 063m@0.65
242,3,0.913,0.803,True,2,205@1.0 + 004m@1.0
168,6,0.913,0.969,True,2,430m@0.8 + 700m@0.4
483,1,0.913,0.889,True,2,059@1.0 + 004m@0.65
094,4,0.912,0.678,False,2,254@1.0 + 755@0.65
125,4,0.912,0.768,True,2,095m@1.0 + 010m@1.0
097,7,0.911,0.675,False,2,020m@1.0 + 060@0.4
235,4,0.911,0.956,True,1,205@1.0
548,1,0.911,0.825,True,2,020@1.0 + 010@0.5
581,2,0.911,0.889,True,1,008m@1.0
472,5,0.911,0.930,True,2,095m@1.0 + 020m@0.4
584,1,0.910,0.836,True,1,020@1.0
462,1,0.910,0.820,True,1,300m@1.0
084,14,0.909,0.841,True,1,070m@1.0
449,3,0.909,0.889,True,1,067m@1.0
610,6,0.907,0.907,True,1,200m@1.0
593,3,0.907,0.910,True,1,200@1.0
570,6,0.906,0.981,True,1,300@1.0
511,0,0.906,0.833,True,2,005m@1.0 + 060@0.65
031,9,0.905,0.646,False,2,254m@1.0 + 066m@0.65
631,30,0.905,0.804,True,1,600@1.0
343,1,0.905,0.855,True,2,254@0.8 + 076@0.4
720,13,0.905,0.762,True,2,600m@0.8 + 063@0.65
682,1,0.905,0.757,True,2,254@1.0 + 007m@0.65
039,5,0.904,0.735,True,1,020m@1.0
749,0,0.904,0.822,True,1,600@1.0
166,5,0.903,0.902,True,1,007@1.0
186,1,0.903,0.905,True,1,200m@1.0
775,1,0.902,0.955,True,1,095@1.0
054,11,0.902,0.944,True,1,040@1.0
512,1,0.902,0.779,True,1,020@1.0
602,5,0.902,0.809,True,2,306@1.0 + 700@0.8
080,19,0.901,0.851,True,1,070@1.0
112,1,0.901,0.736,True,2,430m@1.0 + 059m@0.8
719,2,0.901,0.793,True,1,070m@1.0
019,17,0.901,0.944,True,1,066@1.0
151,2,0.901,0.950,True,1,070@1.0
571,11,0.900,0.961,True,1,067@1.0
391,3,0.900,0.921,True,2,280@1.0 + 063@0.5
456,0,0.900,0.847,True,1,381@1.0
402,0,0.899,0.907,True,1,306@1.0
780,3,0.897,0.649,False,2,008@1.0 + 044@0.8
170,2,0.897,0.843,True,1,020@1.0
162,2,0.896,0.847,True,1,007@1.0
535,8,0.894,1.000,True,1,205@0.4
484,1,0.892,0.881,True,2,205m@1.0 + 400@0.4
774,7,0.891,0.868,True,1,280m@1.0
196,1,0.889,0.804,True,1,254m@1.0
372,2,0.885,0.821,True,1,254@1.0
403,0,0.883,0.946,True,1,306@1.0
405,12,0.865,0.846,True,1,205@1.0
547,1,0.853,0.833,True,1,306@1.0
