control,sign,coverage,precision,decomposes
1,012,0.981,0.590,False
1,013,0.875,0.779,True
1,014,0.957,0.489,False
1,015,0.937,0.665,False
1,016,0.972,0.672,False
1,017,0.931,0.689,False
1,018,0.987,0.492,False
1,019,0.906,0.617,False
1,023,0.935,0.762,True
1,024,0.980,0.777,True
1,026,0.933,0.703,True
1,028,0.862,0.557,False
1,029,0.925,0.693,False
1,030,0.929,0.453,False
1,032,0.953,0.719,True
1,033,0.912,0.511,False
1,034,0.877,0.563,False
1,035,0.950,0.499,False
1,036,0.862,0.462,False
1,037,0.867,0.702,True
1,038,0.890,0.649,False
1,039,0.880,0.521,False
1,041,0.890,0.620,False
1,042,0.955,0.460,False
1,043,0.928,0.643,False
1,045,0.996,0.511,False
1,046,0.991,0.849,True
1,047,0.877,0.564,False
1,049,0.913,0.742,True
1,051,0.942,0.655,False
1,052,0.941,0.759,True
1,054,0.913,0.629,False
1,055,0.932,0.735,True
1,056,0.990,0.592,False
1,058,0.989,0.658,False
1,061,0.991,0.518,False
1,062,0.903,0.846,True
1,064,0.907,0.912,True
1,068,0.961,0.592,False
1,072,0.897,0.566,False
1,074,0.971,0.503,False
1,075,0.987,0.465,False
1,077,0.939,0.578,False
1,078,0.964,0.524,False
1,079,0.942,0.573,False
1,080,0.983,0.483,False
1,081,0.913,0.772,True
1,082,0.974,0.594,False
1,083,0.910,0.778,True
1,084,0.872,0.679,False
1,085,0.924,0.700,False
1,086,0.917,0.599,False
1,087,0.990,0.476,False
1,088,0.906,0.592,False
1,089,0.962,0.563,False
1,092,0.887,0.753,True
1,094,0.860,0.510,False
1,096,0.916,0.564,False
1,097,0.973,0.449,False
1,098,0.886,0.655,False
1,100,0.911,0.666,False
1,102,0.930,0.620,False
1,104,0.876,0.618,False
1,105,0.887,0.724,True
1,106,0.953,0.691,False
1,107,0.944,0.484,False
1,108,0.956,0.596,False
1,109,0.903,0.641,False
1,111,0.954,0.741,True
1,115,0.984,0.532,False
1,116,0.895,0.628,False
1,117,0.966,0.648,False
1,118,0.966,0.568,False
1,119,0.958,0.508,False
1,120,0.928,0.636,False
1,121,0.882,0.648,False
1,122,0.960,0.504,False
1,123,0.929,0.685,False
1,124,0.894,0.623,False
1,125,0.922,0.436,False
1,126,0.883,0.603,False
1,127,0.914,0.505,False
1,128,0.965,0.692,False
1,129,0.981,0.576,False
1,130,0.958,0.557,False
1,131,0.908,0.648,False
1,132,0.961,0.576,False
1,133,0.970,0.541,False
1,134,0.975,0.523,False
1,135,0.894,0.715,True
1,139,0.941,0.594,False
1,140,0.968,0.567,False
1,141,0.889,0.556,False
1,142,0.924,0.707,True
1,143,0.982,0.497,False
1,144,0.941,0.500,False
1,145,0.956,0.503,False
1,146,0.945,0.565,False
1,147,0.921,0.699,False
1,148,0.923,0.754,True
1,149,0.917,0.791,True
1,150,0.952,0.471,False
1,152,0.929,0.640,False
1,153,0.933,0.676,False
1,154,0.983,0.731,True
1,155,0.892,0.760,True
1,156,0.946,0.623,False
1,157,0.931,0.795,True
1,158,0.935,0.640,False
1,159,0.973,0.660,False
1,160,0.956,0.706,True
1,161,0.982,0.572,False
1,162,0.899,0.617,False
1,163,0.944,0.610,False
1,164,0.903,0.782,True
1,165,0.919,0.639,False
1,166,0.963,0.533,False
1,167,0.963,0.553,False
1,168,0.975,0.568,False
1,169,0.963,0.495,False
1,171,0.908,0.672,False
1,173,0.898,0.670,False
1,174,0.980,0.547,False
1,175,0.962,0.588,False
1,176,0.937,0.661,False
1,177,0.951,0.556,False
1,178,0.878,0.732,True
1,179,0.894,0.613,False
1,180,0.928,0.630,False
1,181,0.907,0.612,False
1,182,0.873,0.791,True
1,183,0.961,0.525,False
1,184,0.939,0.555,False
1,186,0.985,0.521,False
1,187,0.943,0.570,False
1,188,0.900,0.563,False
1,189,0.940,0.594,False
1,190,0.883,0.775,True
1,191,0.896,0.603,False
1,192,0.921,0.505,False
1,193,0.982,0.608,False
1,194,0.973,0.541,False
1,195,0.949,0.669,False
1,196,0.886,0.600,False
1,199,0.917,0.640,False
1,201,0.981,0.503,False
1,202,0.927,0.661,False
1,203,0.886,0.760,True
1,204,0.929,0.593,False
1,206,0.950,0.597,False
1,207,0.967,0.549,False
1,208,0.916,0.625,False
1,209,0.966,0.497,False
1,211,0.937,0.787,True
1,214,0.917,0.836,True
1,215,0.960,0.574,False
1,216,0.931,0.960,True
1,220,0.898,0.693,False
1,222,0.852,0.746,True
1,224,0.926,0.671,False
1,225,0.897,0.588,False
1,226,0.930,0.706,True
1,227,0.937,0.803,True
1,230,0.946,0.648,False
1,231,0.970,0.522,False
1,232,0.964,0.696,False
1,234,0.970,0.601,False
1,235,0.963,0.554,False
1,236,0.968,0.638,False
1,242,0.951,0.627,False
1,243,0.956,0.593,False
1,244,0.942,0.688,False
1,245,0.935,0.690,False
1,246,0.921,0.754,True
1,247,0.960,0.593,False
1,248,0.887,0.666,False
1,253,0.978,0.525,False
1,256,0.910,0.749,True
1,260,0.963,0.527,False
1,262,0.888,0.664,False
1,263,0.926,0.574,False
1,266,0.955,0.609,False
1,270,0.967,0.537,False
1,274,0.944,0.505,False
1,275,0.929,0.573,False
1,276,0.949,0.618,False
1,279,0.969,0.628,False
1,281,0.939,0.627,False
1,282,0.921,0.676,False
1,284,0.890,0.600,False
1,285,0.915,0.661,False
1,286,0.965,0.519,False
1,291,0.905,0.706,True
1,292,0.985,0.505,False
1,293,0.921,0.627,False
1,294,0.939,0.615,False
1,295,0.945,0.642,False
1,296,0.969,0.705,True
1,298,0.893,0.779,True
1,299,0.902,0.777,True
1,301,0.957,0.792,True
1,302,0.967,0.630,False
1,303,0.923,0.681,False
1,304,0.943,0.695,False
1,305,0.918,0.753,True
1,307,0.952,0.586,False
1,308,0.957,0.527,False
1,309,0.889,0.476,False
1,311,0.884,0.673,False
1,314,0.877,0.898,True
1,315,0.963,0.569,False
1,316,0.904,0.623,False
1,320,0.956,0.446,False
1,322,0.943,0.555,False
1,323,0.905,0.661,False
1,324,0.929,0.631,False
1,325,0.878,0.617,False
1,326,0.901,0.741,True
1,330,0.989,0.592,False
1,331,0.967,0.540,False
1,335,0.940,0.591,False
1,336,0.911,0.770,True
1,340,0.946,0.780,True
1,341,0.897,0.750,True
1,344,0.971,0.578,False
1,349,0.972,0.423,False
1,354,0.886,0.834,True
1,356,0.933,0.692,False
1,361,0.972,0.507,False
1,365,0.969,0.488,False
1,366,0.888,0.764,True
1,370,0.963,0.549,False
1,371,0.915,0.782,True
1,372,0.895,0.752,True
1,373,0.857,0.685,False
1,374,0.918,0.627,False
1,375,0.949,0.741,True
1,376,0.922,0.605,False
1,378,0.957,0.609,False
1,379,0.974,0.592,False
1,382,0.925,0.691,False
1,384,0.930,0.637,False
1,386,0.910,0.858,True
1,387,0.988,0.584,False
1,390,0.898,0.775,True
1,391,0.909,0.523,False
1,392,0.945,0.626,False
1,393,0.978,0.529,False
1,395,0.893,0.601,False
1,396,0.913,0.672,False
1,397,0.929,0.603,False
1,401,0.925,0.763,True
1,404,0.894,0.926,True
1,405,0.947,0.471,False
1,406,0.934,0.739,True
1,407,0.931,0.514,False
1,408,0.934,0.571,False
1,409,0.936,0.589,False
1,410,0.875,0.656,False
1,415,0.903,0.822,True
1,420,0.925,0.709,True
1,421,0.980,0.533,False
1,431,0.919,0.673,False
1,432,0.940,0.687,False
1,440,0.961,0.613,False
1,441,0.929,0.732,True
1,442,0.993,0.525,False
1,447,0.919,0.455,False
1,448,0.862,0.659,False
1,449,0.843,0.667,False
1,451,0.929,0.821,True
1,456,0.901,0.776,True
1,458,0.936,0.572,False
1,459,0.899,0.593,False
1,460,0.920,0.529,False
1,461,0.946,0.598,False
1,462,0.898,0.624,False
1,463,0.913,0.642,False
1,464,0.952,0.519,False
1,465,0.972,0.549,False
1,466,0.874,0.600,False
1,468,0.906,0.539,False
1,469,0.987,0.498,False
1,470,0.913,0.528,False
1,471,0.900,0.531,False
1,472,0.932,0.600,False
1,474,0.963,0.472,False
1,476,0.885,0.797,True
1,477,0.974,0.592,False
1,481,0.966,0.561,False
1,482,0.879,0.664,False
1,484,0.869,0.660,False
1,487,0.954,0.617,False
1,489,0.882,0.625,False
1,490,0.971,0.608,False
1,491,0.977,0.397,False
1,492,0.936,0.583,False
1,493,0.874,0.648,False
1,494,0.939,0.596,False
1,496,0.989,0.438,False
1,497,0.915,0.630,False
1,498,0.885,0.654,False
1,499,0.972,0.524,False
1,500,0.975,0.540,False
1,501,0.904,0.630,False
1,502,0.966,0.531,False
1,503,0.927,0.681,False
1,504,0.909,0.753,True
1,505,0.928,0.812,True
1,506,0.971,0.599,False
1,507,0.938,0.603,False
1,510,0.965,0.576,False
1,511,0.895,0.635,False
1,512,0.917,0.577,False
1,513,0.896,0.618,False
1,514,1.000,0.457,False
1,515,0.884,0.674,False
1,517,0.883,0.793,True
1,518,0.887,0.711,True
1,520,0.919,0.668,False
1,521,0.881,0.580,False
1,524,0.954,0.558,False
1,525,0.928,0.624,False
1,526,0.934,0.639,False
1,527,0.889,0.554,False
1,528,0.947,0.618,False
1,529,0.928,0.577,False
1,530,0.885,0.667,False
1,531,0.982,0.610,False
1,532,0.984,0.555,False
1,533,0.915,0.600,False
1,534,0.979,0.575,False
1,535,0.957,0.624,False
1,536,0.915,0.831,True
1,537,0.931,0.671,False
1,538,0.980,0.566,False
1,539,0.912,0.510,False
1,540,0.956,0.537,False
1,541,0.966,0.542,False
1,542,0.928,0.572,False
1,543,0.902,0.677,False
1,544,0.933,0.510,False
1,545,0.979,0.473,False
1,546,0.907,0.603,False
1,547,0.902,0.678,False
1,548,0.918,0.627,False
1,550,0.933,0.666,False
1,551,0.976,0.555,False
1,552,0.874,0.728,True
1,554,0.863,0.678,False
1,555,0.894,0.599,False
1,556,0.952,0.735,True
1,557,0.893,0.645,False
1,558,0.920,0.546,False
1,559,0.877,0.503,False
1,560,0.881,0.757,True
1,562,0.922,0.590,False
1,566,0.924,0.651,False
1,567,0.922,0.651,False
1,568,0.966,0.631,False
1,569,0.920,0.747,True
1,570,0.960,0.742,True
1,571,0.963,0.698,False
1,574,0.971,0.640,False
1,575,0.895,0.816,True
1,576,0.994,0.558,False
1,577,0.911,0.766,True
1,578,0.901,0.729,True
1,579,0.919,0.660,False
1,580,0.926,0.715,True
1,581,0.898,0.636,False
1,582,0.907,0.716,True
1,583,0.920,0.645,False
1,584,0.938,0.609,False
1,586,0.947,0.930,True
1,587,0.914,0.665,False
1,588,0.964,0.654,False
1,589,0.906,0.575,False
1,590,0.914,0.725,True
1,591,0.958,0.602,False
1,592,0.924,0.647,False
1,593,0.874,0.724,True
1,594,0.994,0.532,False
1,595,0.924,0.664,False
1,596,0.953,0.688,False
1,597,0.873,0.651,False
1,598,0.964,0.599,False
1,599,0.888,0.713,True
1,601,0.928,0.719,True
1,602,0.972,0.737,True
1,603,0.934,0.908,True
1,604,0.929,0.935,True
1,605,0.938,0.616,False
1,608,0.917,0.639,False
1,609,0.941,0.644,False
1,610,0.978,0.574,False
1,613,0.953,0.726,True
1,616,0.919,0.564,False
1,618,0.924,0.644,False
1,619,0.970,0.491,False
1,621,0.941,0.525,False
1,622,0.892,0.845,True
1,624,0.911,0.861,True
1,625,0.892,0.626,False
1,631,0.970,0.499,False
1,632,0.927,0.653,False
1,633,0.926,0.543,False
1,634,0.971,0.755,True
1,635,0.877,0.569,False
1,636,0.902,0.624,False
1,637,0.872,0.602,False
1,638,0.974,0.523,False
1,639,0.907,0.561,False
1,642,0.977,0.635,False
1,646,0.891,0.756,True
1,647,0.933,0.557,False
1,650,0.986,0.547,False
1,651,0.966,0.669,False
1,652,0.906,0.574,False
1,653,0.895,0.743,True
1,654,0.962,0.618,False
1,655,0.880,0.740,True
1,656,0.877,0.640,False
1,657,0.903,0.655,False
1,658,0.887,0.580,False
1,661,0.911,0.894,True
1,662,0.893,0.651,False
1,663,0.946,0.601,False
1,664,0.881,0.684,False
1,665,0.890,0.584,False
1,666,0.897,0.633,False
1,667,0.942,0.512,False
1,669,0.945,0.611,False
1,671,0.969,0.541,False
1,672,0.984,0.458,False
1,673,0.872,0.506,False
1,674,0.965,0.520,False
1,675,0.884,0.622,False
1,676,0.887,0.660,False
1,678,0.911,0.473,False
1,681,0.933,0.580,False
1,682,0.928,0.708,True
1,683,0.961,0.483,False
1,684,0.926,0.538,False
1,690,0.936,0.698,False
1,691,0.931,0.640,False
1,692,0.962,0.530,False
1,693,0.945,0.707,True
1,694,0.912,0.639,False
1,695,0.897,0.734,True
1,696,0.881,0.844,True
1,697,0.976,0.539,False
1,698,0.946,0.645,False
1,701,0.961,0.632,False
1,710,0.895,0.724,True
1,719,0.914,0.627,False
1,720,0.964,0.727,True
1,721,0.926,0.773,True
1,723,0.923,0.702,True
1,724,0.987,0.558,False
1,726,0.879,0.679,False
1,727,0.895,0.544,False
1,728,0.894,0.517,False
1,729,0.874,0.565,False
1,730,0.979,0.483,False
1,731,0.961,0.557,False
1,732,0.935,0.551,False
1,733,0.921,0.609,False
1,735,0.915,0.754,True
1,736,0.958,0.575,False
1,737,0.907,0.750,True
1,741,0.911,0.798,True
1,742,0.940,0.852,True
1,745,0.932,0.675,False
1,747,0.914,0.670,False
1,748,0.946,0.659,False
1,749,0.937,0.533,False
1,752,0.902,0.586,False
1,756,0.908,0.620,False
1,761,0.891,0.537,False
1,770,0.945,0.520,False
1,771,0.986,0.506,False
1,772,0.872,0.604,False
1,773,0.945,0.579,False
1,774,0.882,0.603,False
1,775,0.889,0.766,True
1,776,0.967,0.469,False
1,777,0.905,0.536,False
1,778,0.958,0.594,False
1,780,0.879,0.475,False
1,781,0.863,0.564,False
1,790,0.936,0.521,False
2,012,0.915,0.764,True
2,013,0.958,0.767,True
2,014,0.896,0.547,False
2,016,0.972,0.672,False
2,017,0.936,0.619,False
2,018,0.979,0.501,False
2,019,0.971,0.724,True
2,023,0.975,0.940,True
2,026,0.927,0.788,True
2,030,0.946,0.465,False
2,032,0.953,0.717,True
2,033,0.948,0.531,False
2,034,0.899,0.693,False
2,035,0.930,0.578,False
2,036,0.831,0.463,False
2,037,0.956,0.597,False
2,038,0.987,0.472,False
2,039,0.884,0.672,False
2,041,0.952,0.556,False
2,042,0.920,0.645,False
2,043,0.941,0.714,True
2,045,0.971,0.614,False
2,046,0.957,0.874,True
2,047,0.903,0.642,False
2,049,0.917,0.670,False
2,051,0.926,0.544,False
2,052,0.953,0.647,False
2,055,0.929,0.767,True
2,056,0.959,0.808,True
2,057,0.948,0.716,True
2,061,1.000,0.459,False
2,062,0.996,0.449,False
2,064,0.899,0.782,True
2,068,0.989,0.506,False
2,072,0.923,0.568,False
2,074,0.978,0.546,False
2,075,0.930,0.659,False
2,078,0.970,0.696,False
2,079,0.928,0.686,False
2,080,0.931,0.555,False
2,081,0.940,0.684,False
2,083,1.000,0.510,False
2,084,0.914,0.632,False
2,085,0.924,0.729,True
2,086,0.933,0.645,False
2,087,0.955,0.582,False
2,088,0.939,0.567,False
2,089,0.918,0.665,False
2,092,0.915,0.620,False
2,094,0.836,0.551,False
2,096,0.962,0.449,False
2,097,0.967,0.480,False
2,098,0.933,0.487,False
2,100,0.991,0.465,False
2,101,0.912,0.770,True
2,102,0.938,0.639,False
2,104,0.902,0.870,True
2,105,0.900,0.733,True
2,106,0.984,0.553,False
2,107,0.912,0.547,False
2,108,0.831,0.825,True
2,109,0.974,0.561,False
2,110,0.972,0.852,True
2,112,0.956,0.543,False
2,113,0.971,0.539,False
2,115,0.941,0.533,False
2,116,0.912,0.484,False
2,117,0.937,0.638,False
2,118,0.921,0.590,False
2,119,0.893,0.514,False
2,120,0.955,0.559,False
2,121,0.962,0.520,False
2,122,0.884,0.574,False
2,123,0.945,0.620,False
2,124,0.918,0.671,False
2,126,0.898,0.595,False
2,127,0.890,0.498,False
2,128,0.972,0.522,False
2,129,0.893,0.786,True
2,130,0.993,0.466,False
2,131,0.901,0.681,False
2,132,0.987,0.536,False
2,133,0.998,0.439,False
2,134,0.975,0.492,False
2,135,0.931,0.744,True
2,139,0.885,0.625,False
2,140,0.938,0.774,True
2,141,0.928,0.704,True
2,143,0.977,0.653,False
2,144,0.927,0.695,False
2,145,0.943,0.542,False
2,146,0.953,0.568,False
2,147,0.974,0.684,False
2,148,0.897,0.740,True
2,149,0.967,0.656,False
2,150,0.965,0.478,False
2,151,0.883,0.669,False
2,152,0.971,0.657,False
2,153,0.910,0.697,False
2,154,0.998,0.486,False
2,155,0.992,0.745,True
2,156,1.000,0.566,False
2,157,0.972,0.630,False
2,158,0.902,0.846,True
2,160,0.951,0.708,True
2,161,0.948,0.716,True
2,162,0.906,0.666,False
2,163,0.950,0.691,False
2,164,0.956,0.681,False
2,165,0.888,0.742,True
2,166,0.938,0.650,False
2,167,0.932,0.482,False
2,168,0.876,0.734,True
2,169,0.919,0.596,False
2,170,0.898,0.597,False
2,171,0.862,0.577,False
2,172,0.911,0.577,False
2,173,0.964,0.684,False
2,175,0.893,0.765,True
2,176,0.912,0.628,False
2,177,0.966,0.554,False
2,178,0.897,0.729,True
2,179,0.931,0.583,False
2,180,0.890,0.795,True
2,181,0.898,0.826,True
2,183,0.910,0.587,False
2,184,0.941,0.691,False
2,185,0.954,0.750,True
2,186,0.880,0.778,True
2,187,0.943,0.544,False
2,188,0.950,0.840,True
2,189,0.943,0.793,True
2,190,0.916,0.676,False
2,191,0.870,0.853,True
2,192,0.965,0.493,False
2,193,0.948,0.598,False
2,194,0.928,0.729,True
2,199,0.948,0.551,False
2,202,0.968,0.626,False
2,204,0.898,0.873,True
2,206,0.917,0.882,True
2,207,0.933,0.750,True
2,208,0.960,0.507,False
2,209,0.948,0.677,False
2,211,0.905,0.858,True
2,212,0.903,0.879,True
2,214,0.931,0.898,True
2,215,0.966,0.537,False
2,216,0.990,0.558,False
2,220,0.968,0.795,True
2,222,0.958,0.538,False
2,225,0.888,0.636,False
2,226,0.943,0.564,False
2,227,0.931,0.704,True
2,230,0.899,0.840,True
2,231,0.966,0.573,False
2,232,0.990,0.540,False
2,234,0.930,0.808,True
2,235,0.960,0.517,False
2,236,0.970,0.498,False
2,240,0.928,0.501,False
2,242,0.907,0.644,False
2,243,0.947,0.615,False
2,244,0.942,0.848,True
2,245,0.941,0.666,False
2,246,0.926,0.716,True
2,247,0.901,0.787,True
2,248,0.912,0.623,False
2,252,0.969,0.640,False
2,253,0.978,0.525,False
2,256,0.935,0.611,False
2,260,0.943,0.534,False
2,262,0.914,0.706,True
2,263,0.975,0.595,False
2,266,0.914,0.666,False
2,270,0.977,0.485,False
2,274,0.953,0.481,False
2,275,0.913,0.625,False
2,276,0.940,0.657,False
2,277,0.945,0.530,False
2,279,0.911,0.643,False
2,281,0.953,0.580,False
2,282,0.868,0.793,True
2,284,0.938,0.532,False
2,285,0.927,0.595,False
2,286,0.916,0.622,False
2,291,0.952,0.783,True
2,292,0.914,0.779,True
2,293,0.936,0.799,True
2,294,0.944,0.840,True
2,295,0.899,0.824,True
2,296,0.971,0.536,False
2,298,0.945,0.677,False
2,299,0.874,0.672,False
2,301,0.909,0.904,True
2,304,0.890,0.812,True
2,307,0.940,0.825,True
2,308,0.963,0.541,False
2,309,0.932,0.470,False
2,311,0.988,0.518,False
2,314,0.904,0.794,True
2,315,0.967,0.617,False
2,316,0.929,0.711,True
2,320,0.962,0.719,True
2,321,0.961,0.842,True
2,322,0.929,0.855,True
2,323,0.941,0.854,True
2,324,0.935,0.896,True
2,325,0.901,0.840,True
2,326,0.891,0.841,True
2,330,0.932,0.781,True
2,331,0.931,0.761,True
2,336,0.892,0.879,True
2,340,0.966,0.524,False
2,341,0.897,0.750,True
2,343,0.922,0.691,False
2,344,0.888,0.756,True
2,346,0.934,0.689,False
2,349,0.888,0.530,False
2,354,0.937,0.596,False
2,356,0.972,0.563,False
2,360,0.905,0.706,True
2,361,0.980,0.525,False
2,365,0.976,0.518,False
2,366,0.940,0.590,False
2,371,0.957,0.610,False
2,372,0.866,0.694,False
2,373,0.962,0.594,False
2,374,0.890,0.792,True
2,375,0.887,0.749,True
2,376,0.952,0.679,False
2,378,0.934,0.634,False
2,382,0.950,0.597,False
2,383,0.874,0.573,False
2,384,0.925,0.633,False
2,385,0.945,0.557,False
2,387,0.981,0.457,False
2,390,0.902,0.699,False
2,391,0.922,0.652,False
2,392,0.940,0.718,True
2,393,0.933,0.597,False
2,394,0.977,0.498,False
2,395,0.961,0.540,False
2,396,0.982,0.513,False
2,397,0.907,0.758,True
2,401,0.935,0.864,True
2,402,0.926,0.894,True
2,403,0.946,0.500,False
2,405,0.912,0.617,False
2,406,0.883,0.810,True
2,407,0.906,0.713,True
2,408,0.945,0.712,True
2,409,0.957,0.541,False
2,410,0.977,0.468,False
2,415,0.930,0.589,False
2,420,0.958,0.622,False
2,421,0.930,0.653,False
2,431,0.948,0.554,False
2,432,0.901,0.699,False
2,440,0.947,0.645,False
2,441,0.889,0.778,True
2,445,0.933,0.646,False
2,446,0.871,0.634,False
2,447,0.899,0.505,False
2,448,0.960,0.533,False
2,449,0.975,0.551,False
2,450,0.975,0.568,False
2,451,0.927,0.556,False
2,452,0.957,0.552,False
2,456,0.880,0.754,True
2,458,0.947,0.489,False
2,459,0.816,0.695,False
2,460,0.899,0.647,False
2,461,0.927,0.642,False
2,462,0.931,0.668,False
2,463,0.981,0.526,False
2,464,0.942,0.714,True
2,465,0.938,0.731,True
2,466,0.958,0.492,False
2,469,0.897,0.685,False
2,470,0.938,0.608,False
2,471,0.874,0.708,True
2,472,0.925,0.542,False
2,474,0.940,0.603,False
2,476,0.935,0.596,False
2,477,0.926,0.541,False
2,480,0.912,0.614,False
2,481,0.900,0.633,False
2,482,0.950,0.540,False
2,483,0.942,0.647,False
2,484,0.982,0.473,False
2,486,0.915,0.543,False
2,487,0.995,0.529,False
2,489,0.868,0.701,True
2,490,0.899,0.503,False
2,491,0.932,0.508,False
2,492,0.887,0.626,False
2,493,0.978,0.473,False
2,496,0.880,0.644,False
2,497,0.944,0.688,False
2,498,0.847,0.694,False
2,499,0.872,0.694,False
2,500,0.947,0.643,False
2,501,0.903,0.796,True
2,502,0.974,0.580,False
2,503,0.958,0.623,False
2,504,0.966,0.605,False
2,505,0.902,0.947,True
2,506,0.918,0.609,False
2,507,0.972,0.444,False
2,509,0.966,0.466,False
2,510,0.950,0.776,True
2,511,0.911,0.601,False
2,512,0.942,0.528,False
2,513,0.970,0.556,False
2,514,0.969,0.464,False
2,515,0.920,0.599,False
2,517,0.940,0.606,False
2,519,0.917,0.606,False
2,520,0.913,0.773,True
2,521,0.931,0.592,False
2,523,0.906,0.678,False
2,524,0.960,0.589,False
2,525,0.957,0.604,False
2,526,0.921,0.683,False
2,528,0.889,0.577,False
2,529,0.983,0.523,False
2,530,0.867,0.869,True
2,531,0.942,0.620,False
2,532,0.982,0.534,False
2,533,0.897,0.641,False
2,534,0.931,0.671,False
2,535,0.979,0.594,False
2,536,0.909,0.931,True
2,538,0.992,0.545,False
2,539,0.953,0.609,False
2,540,0.931,0.752,True
2,541,0.976,0.646,False
2,542,0.981,0.460,False
2,543,0.920,0.603,False
2,544,0.868,0.679,False
2,545,0.882,0.646,False
2,546,0.883,0.632,False
2,548,0.914,0.668,False
2,550,0.942,0.659,False
2,551,0.941,0.552,False
2,552,0.934,0.551,False
2,553,0.902,0.567,False
2,554,0.929,0.631,False
2,556,0.925,0.746,True
2,559,0.895,0.649,False
2,560,0.961,0.640,False
2,561,0.986,0.448,False
2,562,0.897,0.667,False
2,565,0.986,0.574,False
2,566,0.965,0.600,False
2,567,0.897,0.712,True
2,568,0.978,0.522,False
2,569,0.966,0.781,True
2,570,0.919,0.881,True
2,571,0.977,0.786,True
2,574,0.928,0.747,True
2,575,0.951,0.676,False
2,576,0.939,0.691,False
2,577,0.956,0.705,True
2,578,0.895,0.765,True
2,579,0.872,0.759,True
2,580,0.970,0.571,False
2,581,0.917,0.636,False
2,582,0.987,0.603,False
2,583,0.977,0.644,False
2,584,0.897,0.685,False
2,585,0.928,0.701,True
2,586,0.954,0.677,False
2,587,0.943,0.641,False
2,588,0.920,0.560,False
2,589,0.880,0.648,False
2,591,0.992,0.529,False
2,592,0.972,0.499,False
2,593,0.960,0.857,True
2,594,0.904,0.760,True
2,596,0.901,0.686,False
2,597,0.890,0.891,True
2,599,0.909,0.546,False
2,601,0.905,0.701,True
2,602,0.940,0.819,True
2,603,0.899,0.681,False
2,604,0.989,0.537,False
2,605,0.908,0.700,False
2,606,0.909,0.693,False
2,608,0.977,0.538,False
2,609,0.934,0.617,False
2,610,0.928,0.771,True
2,613,0.953,0.665,False
2,616,0.872,0.596,False
2,618,0.922,0.654,False
2,619,0.916,0.712,True
2,621,0.939,0.595,False
2,622,0.943,0.632,False
2,624,0.938,0.606,False
2,625,0.888,0.793,True
2,626,0.961,0.555,False
2,630,0.914,0.722,True
2,631,0.913,0.634,False
2,632,0.896,0.589,False
2,633,0.903,0.642,False
2,634,0.980,0.469,False
2,636,0.899,0.695,False
2,637,0.892,0.603,False
2,638,0.925,0.551,False
2,639,0.901,0.516,False
2,642,0.892,0.721,True
2,646,0.966,0.698,False
2,647,0.907,0.600,False
2,650,0.929,0.682,False
2,652,0.941,0.581,False
2,653,0.960,0.758,True
2,654,0.916,0.574,False
2,655,0.984,0.496,False
2,657,0.973,0.719,True
2,660,0.974,0.745,True
2,661,0.923,0.667,False
2,662,0.939,0.594,False
2,663,0.878,0.738,True
2,664,0.942,0.764,True
2,665,0.869,0.677,False
2,666,0.946,0.665,False
2,667,0.888,0.567,False
2,669,0.981,0.595,False
2,672,0.971,0.487,False
2,673,0.888,0.607,False
2,674,0.936,0.523,False
2,675,0.945,0.567,False
2,676,0.972,0.719,True
2,678,0.990,0.501,False
2,680,0.943,0.667,False
2,681,0.883,0.605,False
2,682,0.877,0.705,True
2,683,0.939,0.709,True
2,684,0.902,0.580,False
2,690,0.908,0.690,False
2,691,0.931,0.702,True
2,692,0.970,0.485,False
2,693,0.933,0.600,False
2,694,0.933,0.695,False
2,695,0.883,0.713,True
2,696,0.954,0.682,False
2,697,0.955,0.626,False
2,698,0.880,0.659,False
2,699,0.959,0.458,False
2,701,0.951,0.582,False
2,710,0.948,0.718,True
2,712,0.980,0.583,False
2,720,0.899,0.640,False
2,721,0.910,0.630,False
2,722,0.946,0.621,False
2,723,0.918,0.738,True
2,725,0.882,0.644,False
2,726,0.848,0.600,False
2,727,0.947,0.547,False
2,728,0.852,0.507,False
2,730,0.973,0.523,False
2,731,0.948,0.655,False
2,732,0.920,0.612,False
2,733,0.979,0.511,False
2,734,0.899,0.634,False
2,735,0.984,0.559,False
2,736,0.984,0.441,False
2,737,0.907,0.612,False
2,738,0.882,0.613,False
2,741,0.962,0.626,False
2,742,0.891,0.679,False
2,743,0.871,0.677,False
2,745,0.912,0.702,True
2,747,0.973,0.529,False
2,749,0.932,0.517,False
2,752,0.951,0.616,False
2,756,0.941,0.476,False
2,761,0.875,0.523,False
2,762,0.951,0.600,False
2,763,0.951,0.601,False
2,769,0.884,0.632,False
2,771,0.895,0.787,True
2,773,0.906,0.697,False
2,774,0.953,0.531,False
2,775,0.987,0.528,False
2,776,0.929,0.597,False
2,777,0.914,0.617,False
2,778,0.971,0.584,False
2,780,0.926,0.500,False
2,781,0.890,0.600,False
2,790,0.926,0.678,False
3,013,0.897,0.836,True
3,014,0.932,0.604,False
3,016,0.972,0.541,False
3,017,0.906,0.561,False
3,018,0.901,0.615,False
3,019,0.917,0.890,True
3,023,0.935,0.827,True
3,024,0.977,0.815,True
3,026,0.933,0.637,False
3,028,0.974,0.490,False
3,029,0.982,0.677,False
3,030,0.883,0.614,False
3,031,0.883,0.527,False
3,032,0.906,0.647,False
3,033,0.960,0.540,False
3,034,0.872,0.560,False
3,035,0.901,0.594,False
3,037,0.956,0.635,False
3,038,0.876,0.610,False
3,039,0.944,0.482,False
3,041,0.917,0.562,False
3,042,0.955,0.487,False
3,043,0.916,0.708,True
3,045,0.946,0.679,False
3,046,0.988,0.896,True
3,047,0.870,0.488,False
3,049,0.899,0.723,True
3,052,0.921,0.802,True
3,054,0.925,0.661,False
3,055,0.982,0.580,False
3,056,0.987,0.538,False
3,057,0.983,0.576,False
3,058,0.899,0.627,False
3,061,0.927,0.711,True
3,062,0.926,0.776,True
3,064,0.879,0.809,True
3,072,0.957,0.434,False
3,074,0.946,0.628,False
3,075,0.981,0.529,False
3,078,0.980,0.557,False
3,080,0.942,0.650,False
3,082,0.915,0.762,True
3,083,0.904,0.814,True
3,084,0.907,0.663,False
3,085,0.921,0.646,False
3,086,0.933,0.645,False
3,087,0.952,0.580,False
3,088,0.994,0.608,False
3,089,0.945,0.574,False
3,092,0.922,0.624,False
3,097,0.933,0.521,False
3,098,0.929,0.618,False
3,101,0.949,0.631,False
3,102,0.918,0.651,False
3,103,0.953,0.726,True
3,104,0.941,0.585,False
3,105,0.898,0.747,True
3,106,0.965,0.654,False
3,111,0.959,0.738,True
3,112,0.913,0.656,False
3,113,0.866,0.614,False
3,115,0.929,0.664,False
3,116,0.939,0.460,False
3,117,0.917,0.542,False
3,118,0.880,0.648,False
3,120,0.913,0.823,True
3,121,0.919,0.613,False
3,122,0.912,0.588,False
3,124,0.879,0.670,False
3,125,0.904,0.567,False
3,126,0.898,0.552,False
3,127,0.883,0.537,False
3,128,0.977,0.573,False
3,129,0.922,0.720,True
3,130,0.928,0.724,True
3,131,0.898,0.663,False
3,132,0.990,0.518,False
3,133,0.953,0.638,False
3,134,0.890,0.696,False
3,135,0.914,0.738,True
3,139,0.921,0.558,False
3,140,0.912,0.603,False
3,141,0.950,0.493,False
3,142,0.938,0.707,True
3,143,0.906,0.637,False
3,144,0.941,0.612,False
3,145,0.929,0.565,False
3,146,0.878,0.689,False
3,147,0.935,0.790,True
3,148,0.907,0.734,True
3,149,0.884,0.747,True
3,151,0.967,0.579,False
3,152,0.946,0.685,False
3,153,0.996,0.635,False
3,154,0.933,0.758,True
3,155,0.909,0.909,True
3,156,0.997,0.581,False
3,157,0.900,0.792,True
3,159,0.975,0.717,True
3,162,0.964,0.610,False
3,164,0.959,0.515,False
3,165,0.972,0.607,False
3,166,0.956,0.690,False
3,167,0.964,0.535,False
3,168,0.961,0.620,False
3,169,0.981,0.437,False
3,170,0.920,0.616,False
3,171,0.905,0.539,False
3,172,0.952,0.566,False
3,174,0.921,0.733,True
3,175,0.882,0.646,False
3,176,0.914,0.629,False
3,177,0.968,0.389,False
3,178,0.909,0.573,False
3,179,0.863,0.587,False
3,180,0.983,0.557,False
3,181,0.934,0.676,False
3,182,0.966,0.615,False
3,183,0.870,0.627,False
3,184,0.969,0.595,False
3,185,0.936,0.732,True
3,186,0.937,0.663,False
3,187,0.925,0.654,False
3,188,0.883,0.758,True
3,189,0.958,0.566,False
3,190,0.946,0.826,True
3,191,0.944,0.627,False
3,192,0.958,0.529,False
3,193,0.912,0.608,False
3,194,0.939,0.654,False
3,195,0.945,0.573,False
3,196,0.902,0.538,False
3,199,0.948,0.551,False
3,201,0.897,0.772,True
3,202,0.973,0.648,False
3,203,0.900,0.701,True
3,204,0.957,0.682,False
3,206,0.917,0.806,True
3,207,0.970,0.666,False
3,208,0.949,0.604,False
3,209,0.972,0.530,False
3,211,0.982,0.573,False
3,212,0.977,0.534,False
3,214,0.961,0.590,False
3,216,0.931,0.763,True
3,220,0.905,0.860,True
3,224,0.974,0.911,True
3,225,0.920,0.703,True
3,226,0.877,0.821,True
3,227,0.975,0.515,False
3,230,0.985,0.512,False
3,231,0.952,0.935,True
3,234,0.923,0.632,False
3,235,0.944,0.538,False
3,236,0.953,0.699,False
3,240,0.879,0.625,False
3,242,0.948,0.545,False
3,243,0.972,0.570,False
3,244,0.896,0.931,True
3,247,0.882,0.770,True
3,248,0.882,0.627,False
3,252,0.960,0.570,False
3,253,0.972,0.599,False
3,255,0.898,0.832,True
3,256,0.957,0.578,False
3,260,0.943,0.629,False
3,262,0.902,0.801,True
3,263,0.956,0.567,False
3,266,0.954,0.638,False
3,270,0.911,0.587,False
3,274,0.916,0.604,False
3,275,0.894,0.672,False
3,276,0.922,0.589,False
3,277,0.940,0.717,True
3,279,0.952,0.577,False
3,281,0.910,0.564,False
3,282,0.988,0.597,False
3,284,0.936,0.869,True
3,285,0.941,0.782,True
3,286,0.951,0.579,False
3,291,0.939,0.573,False
3,292,0.923,0.894,True
3,293,0.908,0.924,True
3,295,0.926,0.690,False
3,296,0.961,0.653,False
3,298,0.920,0.634,False
3,299,0.874,0.700,False
3,301,0.900,0.907,True
3,302,0.972,0.542,False
3,304,0.901,0.823,True
3,307,0.964,0.669,False
3,308,0.965,0.579,False
3,309,0.889,0.520,False
3,311,0.962,0.651,False
3,314,0.988,0.541,False
3,315,0.882,0.832,True
3,316,0.959,0.694,False
3,320,0.929,0.694,False
3,321,0.953,0.649,False
3,322,0.973,0.563,False
3,323,0.951,0.825,True
3,324,0.961,0.658,False
3,325,0.892,0.846,True
3,326,0.944,0.605,False
3,330,0.950,0.594,False
3,331,0.944,0.498,False
3,335,0.950,0.621,False
3,336,0.956,0.640,False
3,340,0.970,0.507,False
3,341,0.966,0.627,False
3,343,0.964,0.545,False
3,344,0.964,0.658,False
3,346,0.905,0.705,True
3,349,0.896,0.620,False
3,354,0.981,0.552,False
3,356,0.869,0.885,True
3,360,0.953,0.669,False
3,361,0.877,0.682,False
3,365,0.982,0.446,False
3,366,0.969,0.525,False
3,370,0.937,0.510,False
3,371,0.965,0.632,False
3,373,0.962,0.569,False
3,374,0.956,0.675,False
3,375,0.972,0.565,False
3,376,0.972,0.559,False
3,378,0.886,0.636,False
3,379,0.945,0.611,False
3,383,0.890,0.814,True
3,384,0.916,0.880,True
3,385,0.956,0.638,False
3,386,0.914,0.619,False
3,390,0.973,0.532,False
3,391,0.933,0.502,False
3,392,0.938,0.706,True
3,393,0.946,0.584,False
3,394,0.911,0.697,False
3,395,0.951,0.500,False
3,396,0.926,0.641,False
3,397,0.943,0.543,False
3,401,0.867,0.779,True
3,402,0.907,0.691,False
3,403,0.906,0.740,True
3,404,0.919,0.752,True
3,405,0.874,0.649,False
3,406,0.938,0.647,False
3,407,0.941,0.584,False
3,408,0.950,0.785,True
3,409,0.918,0.832,True
3,410,0.933,0.841,True
3,415,0.954,0.707,True
3,420,0.975,0.589,False
3,421,0.927,0.588,False
3,431,0.887,0.708,True
3,440,0.933,0.665,False
3,441,0.968,0.514,False
3,442,0.951,0.501,False
3,445,0.919,0.541,False
3,446,0.961,0.539,False
3,447,0.947,0.520,False
3,448,0.947,0.538,False
3,449,0.934,0.633,False
3,450,0.983,0.592,False
3,451,0.955,0.705,True
3,452,0.950,0.486,False
3,456,0.898,0.646,False
3,458,0.933,0.557,False
3,459,0.929,0.518,False
3,460,0.953,0.502,False
3,463,0.967,0.518,False
3,464,0.923,0.579,False
3,465,0.949,0.620,False
3,466,0.880,0.600,False
3,468,0.864,0.537,False
3,469,0.974,0.655,False
3,471,0.908,0.502,False
3,472,0.947,0.503,False
3,474,0.878,0.616,False
3,476,0.917,0.599,False
3,480,0.899,0.545,False
3,481,0.942,0.589,False
3,483,0.951,0.468,False
3,484,0.910,0.660,False
3,486,0.970,0.643,False
3,487,0.868,0.854,True
3,489,0.969,0.503,False
3,490,0.924,0.672,False
3,491,0.923,0.506,False
3,492,0.913,0.688,False
3,494,0.937,0.614,False
3,496,0.898,0.624,False
3,498,0.951,0.427,False
3,499,0.952,0.630,False
3,500,0.949,0.650,False
3,501,0.891,0.772,True
3,502,0.924,0.732,True
3,504,0.946,0.652,False
3,505,0.902,0.947,True
3,506,0.928,0.750,True
3,507,0.942,0.655,False
3,509,0.907,0.728,True
3,510,0.887,0.625,False
3,511,0.988,0.486,False
3,512,0.944,0.568,False
3,513,0.935,0.697,False
3,514,0.970,0.498,False
3,515,0.955,0.637,False
3,517,0.922,0.691,False
3,518,0.969,0.632,False
3,519,0.903,0.697,False
3,520,0.901,0.727,True
3,521,0.964,0.457,False
3,523,0.984,0.454,False
3,524,0.891,0.939,True
3,525,0.971,0.482,False
3,526,0.955,0.697,False
3,527,0.881,0.605,False
3,528,0.955,0.519,False
3,529,0.908,0.631,False
3,530,0.958,0.589,False
3,531,0.931,0.803,True
3,532,0.906,0.779,True
3,533,0.943,0.640,False
3,534,0.959,0.705,True
3,535,0.972,0.731,True
3,536,0.909,0.972,True
3,538,0.957,0.651,False
3,539,0.942,0.567,False
3,540,0.916,0.611,False
3,541,0.943,0.716,True
3,542,0.964,0.567,False
3,543,0.936,0.649,False
3,544,0.959,0.545,False
3,546,0.950,0.574,False
3,547,0.878,0.689,False
3,548,0.893,0.595,False
3,550,0.913,0.750,True
3,551,0.894,0.597,False
3,552,0.987,0.407,False
3,553,0.875,0.545,False
3,554,0.927,0.716,True
3,555,0.924,0.815,True
3,556,0.913,0.685,False
3,557,0.952,0.709,True
3,558,0.923,0.569,False
3,559,0.969,0.471,False
3,560,0.887,0.679,False
3,561,0.914,0.631,False
3,562,0.885,0.640,False
3,565,0.913,0.734,True
3,566,0.982,0.627,False
3,567,0.884,0.663,False
3,568,0.948,0.687,False
3,569,0.985,0.596,False
3,570,0.922,0.643,False
3,571,0.942,0.644,False
3,574,0.933,0.690,False
3,575,0.959,0.673,False
3,576,0.977,0.583,False
3,577,0.906,0.726,True
3,578,0.915,0.694,False
3,579,0.894,0.727,True
3,580,0.948,0.679,False
3,581,0.926,0.690,False
3,582,0.909,0.635,False
3,583,0.964,0.630,False
3,584,0.985,0.408,False
3,585,0.946,0.745,True
3,586,0.909,0.741,True
3,587,0.973,0.546,False
3,588,0.964,0.502,False
3,589,0.924,0.588,False
3,590,0.922,0.766,True
3,591,0.889,0.793,True
3,592,0.949,0.523,False
3,593,0.983,0.525,False
3,594,0.968,0.552,False
3,595,0.978,0.462,False
3,596,0.958,0.722,True
3,597,0.932,0.681,False
3,598,0.954,0.534,False
3,599,0.921,0.636,False
3,601,0.891,0.716,True
3,602,0.859,0.746,True
3,603,0.896,0.794,True
3,604,0.903,0.593,False
3,605,0.961,0.678,False
3,606,0.871,0.767,True
3,608,0.952,0.930,True
3,610,0.883,0.696,False
3,616,0.975,0.487,False
3,619,0.911,0.646,False
3,621,0.893,0.690,False
3,622,0.922,0.759,True
3,624,0.974,0.526,False
3,625,0.913,0.692,False
3,626,0.899,0.819,True
3,630,0.918,0.673,False
3,631,0.908,0.577,False
3,632,0.870,0.573,False
3,633,0.965,0.622,False
3,634,0.976,0.628,False
3,635,0.879,0.553,False
3,636,0.902,0.522,False
3,637,0.963,0.462,False
3,638,0.890,0.697,False
3,639,0.966,0.420,False
3,642,0.923,0.719,True
3,646,0.900,0.599,False
3,647,0.906,0.672,False
3,650,0.949,0.551,False
3,651,0.947,0.798,True
3,652,0.899,0.766,True
3,653,0.951,0.574,False
3,654,0.877,0.681,False
3,655,0.916,0.626,False
3,656,0.941,0.545,False
3,657,0.942,0.689,False
3,658,0.976,0.398,False
3,660,0.912,0.670,False
3,661,0.909,0.756,True
3,662,0.943,0.606,False
3,663,0.923,0.701,True
3,664,0.960,0.575,False
3,665,0.892,0.671,False
3,666,0.913,0.599,False
3,667,0.963,0.572,False
3,669,0.884,0.637,False
3,671,0.940,0.583,False
3,672,0.891,0.582,False
3,674,0.958,0.461,False
3,675,0.933,0.669,False
3,676,0.911,0.767,True
3,678,0.942,0.593,False
3,680,0.877,0.688,False
3,682,0.929,0.665,False
3,683,0.935,0.687,False
3,684,0.935,0.583,False
3,690,0.934,0.579,False
3,692,0.936,0.623,False
3,693,0.904,0.710,True
3,695,0.904,0.598,False
3,696,0.896,0.843,True
3,698,0.915,0.558,False
3,699,0.932,0.633,False
3,701,0.903,0.630,False
3,710,0.883,0.651,False
3,712,0.930,0.732,True
3,719,0.958,0.545,False
3,720,0.937,0.550,False
3,721,0.977,0.577,False
3,722,0.988,0.462,False
3,723,0.876,0.562,False
3,724,0.966,0.570,False
3,725,0.989,0.473,False
3,726,0.881,0.541,False
3,727,0.895,0.578,False
3,728,0.961,0.552,False
3,729,0.870,0.577,False
3,730,0.969,0.503,False
3,731,0.936,0.587,False
3,732,0.884,0.662,False
3,733,0.927,0.594,False
3,734,0.893,0.559,False
3,735,0.930,0.622,False
3,736,0.942,0.548,False
3,737,0.963,0.596,False
3,738,0.937,0.533,False
3,741,0.951,0.764,True
3,742,0.940,0.852,True
3,747,0.889,0.540,False
3,748,0.961,0.643,False
3,749,0.877,0.575,False
3,752,0.917,0.579,False
3,756,0.981,0.460,False
3,760,0.917,0.605,False
3,761,0.866,0.523,False
3,762,0.922,0.720,True
3,763,0.896,0.711,True
3,769,0.938,0.652,False
3,770,0.947,0.496,False
3,771,0.956,0.627,False
3,772,0.914,0.588,False
3,773,0.912,0.713,True
3,774,0.898,0.530,False
3,775,0.872,0.790,True
3,776,0.877,0.765,True
3,777,0.887,0.545,False
3,778,0.896,0.745,True
3,780,0.940,0.586,False
3,781,0.902,0.559,False
3,790,0.975,0.445,False
