side,Aa,Ab,Br,Bv,Ca,Cb,Da,Db,Er,Ev,Gr,Gv,Hr,Hv,Ia,Kr,Kv,La,Ma,Na,Nb,Oa,Pr,Pv,Qr,Qv,Ra,Rb,Sa,Sb,Ta
Aa,1.000,0.513,0.332,0.361,0.304,0.365,0.303,0.305,0.297,0.328,0.227,0.259,0.438,0.442,0.220,0.172,0.152,0.092,0.180,0.332,0.138,0.257,0.431,0.379,0.404,0.332,0.503,0.339,0.369,0.404,0.199
Ab,0.513,1.000,0.442,0.513,0.504,0.535,0.457,0.481,0.435,0.507,0.333,0.401,0.604,0.535,0.274,0.247,0.260,0.138,0.295,0.466,0.211,0.435,0.606,0.436,0.538,0.407,0.620,0.500,0.538,0.532,0.214
Br,0.332,0.442,1.000,0.502,0.343,0.413,0.341,0.278,0.549,0.373,0.228,0.285,0.480,0.410,0.243,0.196,0.155,0.096,0.350,0.385,0.196,0.311,0.456,0.349,0.418,0.311,0.403,0.291,0.382,0.343,0.191
Bv,0.361,0.513,0.502,1.000,0.490,0.538,0.446,0.393,0.457,0.518,0.338,0.390,0.606,0.601,0.279,0.304,0.209,0.128,0.392,0.397,0.282,0.390,0.577,0.475,0.553,0.375,0.469,0.382,0.521,0.499,0.285
Ca,0.304,0.504,0.343,0.490,1.000,0.607,0.352,0.340,0.414,0.499,0.352,0.342,0.463,0.495,0.218,0.289,0.323,0.112,0.278,0.417,0.184,0.387,0.486,0.359,0.421,0.303,0.519,0.385,0.409,0.436,0.208
Cb,0.365,0.535,0.413,0.538,0.607,1.000,0.403,0.321,0.387,0.556,0.447,0.328,0.538,0.471,0.229,0.362,0.428,0.127,0.317,0.492,0.184,0.302,0.540,0.364,0.456,0.302,0.525,0.460,0.491,0.502,0.204
Da,0.303,0.457,0.341,0.446,0.352,0.403,1.000,0.444,0.244,0.367,0.310,0.348,0.452,0.493,0.244,0.240,0.196,0.099,0.272,0.362,0.197,0.307,0.446,0.414,0.394,0.362,0.434,0.433,0.385,0.404,0.197
Db,0.305,0.481,0.278,0.393,0.340,0.321,0.444,1.000,0.238,0.328,0.283,0.238,0.385,0.368,0.194,0.206,0.164,0.054,0.279,0.296,0.112,0.336,0.400,0.298,0.335,0.239,0.356,0.417,0.325,0.356,0.124
Er,0.297,0.435,0.549,0.457,0.414,0.387,0.244,0.238,1.000,0.469,0.260,0.352,0.484,0.425,0.194,0.255,0.172,0.077,0.343,0.344,0.173,0.346,0.473,0.344,0.442,0.274,0.421,0.301,0.352,0.433,0.172
Ev,0.328,0.507,0.373,0.518,0.499,0.556,0.367,0.328,0.469,1.000,0.605,0.383,0.490,0.467,0.275,0.533,0.595,0.135,0.323,0.631,0.222,0.319,0.510,0.365,0.428,0.299,0.482,0.414,0.607,0.462,0.250
Gr,0.227,0.333,0.228,0.338,0.352,0.447,0.310,0.283,0.260,0.605,1.000,0.282,0.337,0.329,0.162,0.652,0.669,0.148,0.223,0.513,0.115,0.185,0.333,0.267,0.288,0.241,0.337,0.330,0.414,0.324,0.153
Gv,0.259,0.401,0.285,0.390,0.342,0.328,0.348,0.238,0.352,0.383,0.282,1.000,0.458,0.475,0.255,0.226,0.167,0.119,0.263,0.281,0.177,0.398,0.433,0.417,0.385,0.330,0.392,0.366,0.329,0.458,0.228
Hr,0.438,0.604,0.480,0.606,0.463,0.538,0.452,0.385,0.484,0.490,0.337,0.458,1.000,0.644,0.384,0.289,0.243,0.153,0.308,0.458,0.232,0.428,0.829,0.578,0.837,0.510,0.580,0.531,0.532,0.616,0.310
Hv,0.442,0.535,0.410,0.601,0.495,0.471,0.493,0.368,0.425,0.467,0.329,0.475,0.644,1.000,0.324,0.265,0.198,0.161,0.300,0.461,0.256,0.418,0.613,0.750,0.597,0.597,0.523,0.424,0.506,0.571,0.281
Ia,0.220,0.274,0.243,0.279,0.218,0.229,0.244,0.194,0.194,0.275,0.162,0.255,0.384,0.324,1.000,0.197,0.139,0.144,0.174,0.191,0.114,0.249,0.354,0.302,0.368,0.291,0.251,0.226,0.243,0.349,0.528
Kr,0.172,0.247,0.196,0.304,0.289,0.362,0.240,0.206,0.255,0.533,0.652,0.226,0.289,0.265,0.197,1.000,0.561,0.091,0.131,0.441,0.113,0.158,0.302,0.228,0.261,0.212,0.268,0.267,0.339,0.311,0.191
Kv,0.152,0.260,0.155,0.209,0.323,0.428,0.196,0.164,0.172,0.595,0.669,0.167,0.243,0.198,0.139,0.561,1.000,0.103,0.083,0.529,0.106,0.071,0.265,0.183,0.243,0.192,0.235,0.225,0.380,0.216,0.125
La,0.092,0.138,0.096,0.128,0.112,0.127,0.099,0.054,0.077,0.135,0.148,0.119,0.153,0.161,0.144,0.091,0.103,1.000,0.043,0.117,0.030,0.071,0.130,0.106,0.121,0.112,0.124,0.073,0.100,0.120,0.071
Ma,0.180,0.295,0.350,0.392,0.278,0.317,0.272,0.279,0.343,0.323,0.223,0.263,0.308,0.300,0.174,0.131,0.083,0.043,1.000,0.226,0.116,0.419,0.286,0.236,0.238,0.193,0.265,0.186,0.316,0.271,0.195
Na,0.332,0.466,0.385,0.397,0.417,0.492,0.362,0.296,0.344,0.631,0.513,0.281,0.458,0.461,0.191,0.441,0.529,0.117,0.226,1.000,0.236,0.213,0.474,0.441,0.446,0.351,0.478,0.416,0.505,0.403,0.124
Nb,0.138,0.211,0.196,0.282,0.184,0.184,0.197,0.112,0.173,0.222,0.115,0.177,0.232,0.256,0.114,0.113,0.106,0.030,0.116,0.236,1.000,0.164,0.246,0.196,0.226,0.165,0.193,0.188,0.239,0.169,0.085
Oa,0.257,0.435,0.311,0.390,0.387,0.302,0.307,0.336,0.346,0.319,0.185,0.398,0.428,0.418,0.249,0.158,0.071,0.071,0.419,0.213,0.164,1.000,0.386,0.343,0.368,0.320,0.382,0.250,0.342,0.402,0.207
Pr,0.431,0.606,0.456,0.577,0.486,0.540,0.446,0.400,0.473,0.510,0.333,0.433,0.829,0.613,0.354,0.302,0.265,0.130,0.286,0.474,0.246,0.386,1.000,0.621,0.783,0.572,0.582,0.511,0.532,0.597,0.266
Pv,0.379,0.436,0.349,0.475,0.359,0.364,0.414,0.298,0.344,0.365,0.267,0.417,0.578,0.750,0.302,0.228,0.183,0.106,0.236,0.441,0.196,0.343,0.621,1.000,0.540,0.684,0.441,0.373,0.409,0.479,0.231
Qr,0.404,0.538,0.418,0.553,0.421,0.456,0.394,0.335,0.442,0.428,0.288,0.385,0.837,0.597,0.368,0.261,0.243,0.121,0.238,0.446,0.226,0.368,0.783,0.540,1.000,0.557,0.519,0.466,0.484,0.513,0.252
Qv,0.332,0.407,0.311,0.375,0.303,0.302,0.362,0.239,0.274,0.299,0.241,0.330,0.510,0.597,0.291,0.212,0.192,0.112,0.193,0.351,0.165,0.320,0.572,0.684,0.557,1.000,0.409,0.297,0.380,0.356,0.196
Ra,0.503,0.620,0.403,0.469,0.519,0.525,0.434,0.356,0.421,0.482,0.337,0.392,0.580,0.523,0.251,0.268,0.235,0.124,0.265,0.478,0.193,0.382,0.582,0.441,0.519,0.409,1.000,0.503,0.498,0.531,0.214
Rb,0.339,0.500,0.291,0.382,0.385,0.460,0.433,0.417,0.301,0.414,0.330,0.366,0.531,0.424,0.226,0.267,0.225,0.073,0.186,0.416,0.188,0.250,0.511,0.373,0.466,0.297,0.503,1.000,0.410,0.496,0.140
Sa,0.369,0.538,0.382,0.521,0.409,0.491,0.385,0.325,0.352,0.607,0.414,0.329,0.532,0.506,0.243,0.339,0.380,0.100,0.316,0.505,0.239,0.342,0.532,0.409,0.484,0.380,0.498,0.410,1.000,0.518,0.237
Sb,0.404,0.532,0.343,0.499,0.436,0.502,0.404,0.356,0.433,0.462,0.324,0.458,0.616,0.571,0.349,0.311,0.216,0.120,0.271,0.403,0.169,0.402,0.597,0.479,0.513,0.356,0.531,0.496,0.518,1.000,0.333
Ta,0.199,0.214,0.191,0.285,0.208,0.204,0.197,0.124,0.172,0.250,0.153,0.228,0.310,0.281,0.528,0.191,0.125,0.071,0.195,0.124,0.085,0.207,0.266,0.231,0.252,0.196,0.214,0.140,0.237,0.333,1.000
