rank,sign,count_full,share_full,cum_share_full,count_one_witness
1,001,340,0.0318,0.0318,276
2,002,333,0.0311,0.0629,296
3,600,224,0.0209,0.0839,173
4,022,193,0.0180,0.1019,158
5,700,187,0.0175,0.1194,162
6,004,185,0.0173,0.1367,155
7,005,142,0.0133,0.1500,128
8,007,119,0.0111,0.1611,98
9,040,117,0.0109,0.1721,106
10,200,109,0.0102,0.1823,83
11,280,107,0.0100,0.1923,82
12,070,101,0.0094,0.2017,87
13,670,86,0.0080,0.2098,74
14,430,86,0.0080,0.2178,70
15,050,86,0.0080,0.2258,67
16,006,81,0.0076,0.2334,76
17,090,77,0.0072,0.2406,62
18,008,76,0.0071,0.2477,60
19,522,75,0.0070,0.2547,64
20,381,72,0.0067,0.2615,50
21,020,70,0.0065,0.2680,49
22,076,69,0.0065,0.2745,69
23,004.064,65,0.0061,0.2806,50
24,090.076,64,0.0060,0.2865,64
25,053,63,0.0059,0.2924,55
26,755,63,0.0059,0.2983,50
27,048,63,0.0059,0.3042,51
28,011,61,0.0057,0.3099,49
29,060,56,0.0052,0.3152,42
30,021,56,0.0052,0.3204,33
31,091,55,0.0051,0.3255,49
32,009,52,0.0049,0.3304,41
33,081,52,0.0049,0.3353,32
34,071,51,0.0048,0.3400,50
35,739,50,0.0047,0.3447,41
36,205,50,0.0047,0.3494,39
37,380.001,50,0.0047,0.3541,46
38,400,49,0.0046,0.3586,38
39,027,49,0.0046,0.3632,37
40,380.001.003,49,0.0046,0.3678,30
41,044,47,0.0044,0.3722,35
42,066,46,0.0043,0.3765,38
43,034,46,0.0043,0.3808,32
44,607,44,0.0041,0.3849,42
45,095,44,0.0041,0.3890,39
46,059,42,0.0039,0.3930,39
47,430.076,42,0.0039,0.3969,40
48,067,41,0.0038,0.4007,27
49,099,40,0.0037,0.4045,29
50,063,40,0.0037,0.4082,39
51,144,37,0.0035,0.4117,21
52,254,37,0.0035,0.4151,30
53,073.006,37,0.0035,0.4186,30
54,290,36,0.0034,0.4220,28
55,045,36,0.0034,0.4253,18
56,065,36,0.0034,0.4287,26
57,385,35,0.0033,0.4320,30
58,300,34,0.0032,0.4351,28
59,093,34,0.0032,0.4383,28
60,041,33,0.0031,0.4414,30
61,631,32,0.0030,0.4444,29
62,760,32,0.0030,0.4474,31
63,301,30,0.0028,0.4502,20
64,530,30,0.0028,0.4530,28
65,306,29,0.0027,0.4557,27
66,003,29,0.0027,0.4584,26
67,206,28,0.0026,0.4610,19
68,015,28,0.0026,0.4637,13
69,073,27,0.0025,0.4662,23
70,079,27,0.0025,0.4687,20
71,069,27,0.0025,0.4712,18
72,450,27,0.0025,0.4738,21
73,047,27,0.0025,0.4763,23
74,710,27,0.0025,0.4788,0
75,046,26,0.0024,0.4812,24
76,730,26,0.0024,0.4837,21
77,020.010,26,0.0024,0.4861,22
78,440,25,0.0023,0.4885,14
79,306.003,25,0.0023,0.4908,15
80,057,25,0.0023,0.4931,20
81,030,25,0.0023,0.4955,15
82,055,25,0.0023,0.4978,24
83,680,24,0.0022,0.5000,22
84,017,24,0.0022,0.5023,22
85,002.010,24,0.0022,0.5045,17
86,006.074,24,0.0022,0.5068,20
87,092,24,0.0022,0.5090,24
88,741,23,0.0022,0.5112,23
89,001.006,23,0.0022,0.5133,22
90,660,23,0.0022,0.5155,21
91,451,23,0.0022,0.5176,16
92,074,23,0.0022,0.5198,17
93,386,22,0.0021,0.5218,18
94,209,22,0.0021,0.5239,9
95,204,22,0.0021,0.5260,17
96,025,21,0.0020,0.5279,17
97,770,21,0.0020,0.5299,19
98,326,21,0.0020,0.5318,17
99,202,21,0.0020,0.5338,13
100,431,21,0.0020,0.5358,5
101,049,20,0.0019,0.5376,17
102,068,20,0.0019,0.5395,20
103,203,20,0.0019,0.5414,17
104,208,19,0.0018,0.5432,16
105,256,19,0.0018,0.5449,15
106,080,19,0.0018,0.5467,19
107,606,19,0.0018,0.5485,11
108,700.076,19,0.0018,0.5503,19
109,532,19,0.0018,0.5520,19
110,384,18,0.0017,0.5537,18
111,470,18,0.0017,0.5554,15
112,207,18,0.0017,0.5571,18
113,605,18,0.0017,0.5588,16
114,630,18,0.0017,0.5605,15
115,077,18,0.0017,0.5621,11
116,019,18,0.0017,0.5638,14
117,072,18,0.0017,0.5655,12
118,084,17,0.0016,0.5671,12
119,420,16,0.0015,0.5686,16
120,599,16,0.0015,0.5701,9
121,305,16,0.0015,0.5716,11
122,025.009.005,16,0.0015,0.5731,16
123,056,16,0.0015,0.5746,10
124,001.010,16,0.0015,0.5761,10
125,001.062,16,0.0015,0.5776,14
126,071.076,16,0.0015,0.5791,16
127,117,15,0.0014,0.5805,10
128,260.001,15,0.0014,0.5819,11
129,004.430,15,0.0014,0.5833,15
130,591,15,0.0014,0.5847,11
131,745,14,0.0013,0.5860,14
132,011.010,14,0.0013,0.5873,8
133,460,14,0.0013,0.5886,12
134,2),14,0.0013,0.5899,8
135,002.076,14,0.0013,0.5912,14
136,382,14,0.0013,0.5925,8
137,604.076,14,0.0013,0.5938,14
138,001.063,13,0.0012,0.5951,10
139,608,13,0.0012,0.5963,11
140,054,13,0.0012,0.5975,11
141,022.380,13,0.0012,0.5987,13
142,200.001,13,0.0012,0.5999,8
143,376,13,0.0012,0.6011,9
144,22,12,0.0011,0.6023,12
145,316,12,0.0011,0.6034,8
146,004.600,12,0.0011,0.6045,8
147,016,12,0.0011,0.6056,10
148,087,12,0.0011,0.6068,11
149,078,12,0.0011,0.6079,5
150,001.009.005,12,0.0011,0.6090,11
151,001.052,12,0.0011,0.6101,9
152,067.010,12,0.0011,0.6112,7
153,023,12,0.0011,0.6124,12
154,013,12,0.0011,0.6135,10
155,028,12,0.0011,0.6146,10
156,244,12,0.0011,0.6157,10
157,001.076,12,0.0011,0.6169,12
158,260,12,0.0011,0.6180,6
159,606.076,12,0.0011,0.6191,12
160,291,11,0.0010,0.6201,11
161,026,11,0.0010,0.6212,8
162,773,11,0.0010,0.6222,6
163,010.001,11,0.0010,0.6232,8
164,215,11,0.0010,0.6242,8
165,124,11,0.0010,0.6253,11
166,302,10,0.0009,0.6262,8
167,600.004,10,0.0009,0.6271,7
168,029,10,0.0009,0.6281,10
169,093.003,10,0.0009,0.6290,7
170,024,10,0.0009,0.6299,8
171,065.003,10,0.0009,0.6309,6
172,064,10,0.0009,0.6318,10
173,004.003,10,0.0009,0.6328,6
174,062.006,10,0.0009,0.6337,4
175,700.010,10,0.0009,0.6346,9
176,051,10,0.0009,0.6356,9
177,445,9,0.0008,0.6364,6
178,060.003,9,0.0008,0.6372,7
179,014,9,0.0008,0.6381,7
180,571,9,0.0008,0.6389,7
181,031,9,0.0008,0.6398,8
182,097,9,0.0008,0.6406,7
183,720,9,0.0008,0.6414,7
184,050.010,9,0.0008,0.6423,6
185,040.003,9,0.0008,0.6431,7
186,022.243,9,0.0008,0.6440,6
187,405,9,0.0008,0.6448,8
188,033,9,0.0008,0.6457,9
189,214,9,0.0008,0.6465,3
190,098,9,0.0008,0.6473,8
191,421,9,0.0008,0.6482,5
192,021.010,9,0.0008,0.6490,1
193,010.079,9,0.0008,0.6499,9
194,461,8,0.0007,0.6506,5
195,600.007,8,0.0007,0.6514,8
196,126,8,0.0007,0.6521,8
197,088,8,0.0007,0.6529,7
198,211,8,0.0007,0.6536,8
199,711,8,0.0007,0.6544,4
200,666,8,0.0007,0.6551,5
201,752,8,0.0007,0.6558,5
202,086,8,0.0007,0.6566,8
203,007.010,8,0.0007,0.6573,8
204,493,8,0.0007,0.6581,8
205,200.022,8,0.0007,0.6588,7
206,600.076,8,0.0007,0.6596,8
207,062.001,8,0.0007,0.6603,5
208,006.700,8,0.0007,0.6611,8
209,001.600,8,0.0007,0.6618,5
210,20),8,0.0007,0.6626,8
211,300.028,8,0.0007,0.6633,8
212,123,8,0.0007,0.6641,5
213,379,8,0.0007,0.6648,7
214,684,8,0.0007,0.6656,4
215,224,8,0.0007,0.6663,7
216,205.076,8,0.0007,0.6671,8
217,027.076,8,0.0007,0.6678,8
218,499,8,0.0007,0.6686,8
219,551,7,0.0007,0.6692,4
220,575,7,0.0007,0.6699,5
221,226,7,0.0007,0.6705,5
222,109,7,0.0007,0.6712,3
223,005.037,7,0.0007,0.6718,5
224,500,7,0.0007,0.6725,5
225,216,7,0.0007,0.6732,5
226,450.052,7,0.0007,0.6738,4
227,116,7,0.0007,0.6745,4
228,003.065.200,7,0.0007,0.6751,7
229,102,7,0.0007,0.6758,6
230,004.711,7,0.0007,0.6764,5
231,140,7,0.0007,0.6771,3
232,036,7,0.0007,0.6777,7
233,390.041,7,0.0007,0.6784,7
234,721,7,0.0007,0.6790,4
235,407,7,0.0007,0.6797,4
236,035,7,0.0007,0.6804,7
237,8),7,0.0007,0.6810,4
238,4),7,0.0007,0.6817,2
239,280.076,7,0.0007,0.6823,7
240,734.003,7,0.0007,0.6830,3
241,005.010,7,0.0007,0.6836,2
242,386.076,7,0.0007,0.6843,7
243,099.076,7,0.0007,0.6849,7
244,200.076,7,0.0007,0.6856,7
245,380.001.052,7,0.0007,0.6862,7
246,664,6,0.0006,0.6868,4
247,232,6,0.0006,0.6874,5
248,305.020,6,0.0006,0.6879,6
249,298,6,0.0006,0.6885,6
250,255,6,0.0006,0.6890,5
251,774,6,0.0006,0.6896,6
252,605.003,6,0.0006,0.6902,6
253,050.003,6,0.0006,0.6907,4
254,600.003,6,0.0006,0.6913,4
255,670.003,6,0.0006,0.6919,5
256,004.004,6,0.0006,0.6924,4
257,001.003,6,0.0006,0.6930,4
258,001.009,6,0.0006,0.6935,5
259,020.006,6,0.0006,0.6941,4
260,039,6,0.0006,0.6947,5
261,006.001,6,0.0006,0.6952,5
262,008.078.711,6,0.0006,0.6958,6
263,378,6,0.0006,0.6963,6
264,520,6,0.0006,0.6969,4
265,222,6,0.0006,0.6975,4
266,020.003,6,0.0006,0.6980,5
267,360,6,0.0006,0.6986,3
268,480,6,0.0006,0.6991,5
269,380,6,0.0006,0.6997,5
270,073.064,6,0.0006,0.7003,6
271,037,6,0.0006,0.7008,5
272,510,6,0.0006,0.7014,6
273,059.076,6,0.0006,0.7020,6
274,790,6,0.0006,0.7025,6
275,356,6,0.0006,0.7031,4
276,551.003,6,0.0006,0.7036,2
277,220.009,6,0.0006,0.7042,2
278,110,6,0.0006,0.7048,4
279,308,6,0.0006,0.7053,2
280,200.050,6,0.0006,0.7059,3
281,128,6,0.0006,0.7064,6
282,726,6,0.0006,0.7070,6
283,089,6,0.0006,0.7076,6
284,208.076,6,0.0006,0.7081,6
285,049.076,6,0.0006,0.7087,6
286,168,6,0.0006,0.7092,6
287,161,6,0.0006,0.7098,6
288,734,5,0.0005,0.7103,4
289,201,5,0.0005,0.7107,5
290,11,5,0.0005,0.7112,5
291,160,5,0.0005,0.7117,5
292,600.075,5,0.0005,0.7121,5
293,325,5,0.0005,0.7126,5
294,446,5,0.0005,0.7131,3
295,001.069,5,0.0005,0.7136,3
296,375,5,0.0005,0.7140,3
297,246,5,0.0005,0.7145,3
298,742,5,0.0005,0.7150,5
299,028.095,5,0.0005,0.7154,2
300,001.074,5,0.0005,0.7159,3
301,254.003,5,0.0005,0.7164,4
302,595,5,0.0005,0.7168,5
303,580,5,0.0005,0.7173,4
304,096,5,0.0005,0.7178,5
305,079.010,5,0.0005,0.7182,5
306,324,5,0.0005,0.7187,5
307,003.001,5,0.0005,0.7192,5
308,200.063,5,0.0005,0.7196,4
309,610,5,0.0005,0.7201,4
310,166,5,0.0005,0.7206,5
311,326.076,5,0.0005,0.7210,3
312,032,5,0.0005,0.7215,5
313,027.006,5,0.0005,0.7220,4
314,045.009.037,5,0.0005,0.7224,5
315,004.052,5,0.0005,0.7229,4
316,010.070,5,0.0005,0.7234,5
317,200.052,5,0.0005,0.7238,5
318,371,5,0.0005,0.7243,4
319,010.007,5,0.0005,0.7248,5
320,006.003,5,0.0005,0.7252,3
321,685,5,0.0005,0.7257,3
322,3),5,0.0005,0.7262,1
323,162,5,0.0005,0.7266,2
324,005.076,5,0.0005,0.7271,5
325,005.052,5,0.0005,0.7276,2
326,200.070,5,0.0005,0.7280,2
327,260.008,5,0.0005,0.7285,4
328,276,5,0.0005,0.7290,3
329,534,5,0.0005,0.7294,3
330,372,5,0.0005,0.7299,2
331,724,5,0.0005,0.7304,5
332,589,5,0.0005,0.7309,2
333,072.076,5,0.0005,0.7313,5
334,202.076,5,0.0005,0.7318,5
335,067.076,5,0.0005,0.7323,5
336,633.076,5,0.0005,0.7327,5
337,048.076,5,0.0005,0.7332,5
338,069.076,5,0.0005,0.7337,5
339,023.076,5,0.0005,0.7341,5
340,009.076,5,0.0005,0.7346,5
341,021.090.076,5,0.0005,0.7351,5
342,720.076,5,0.0005,0.7355,5
343,755.076.075,5,0.0005,0.7360,5
344,678,4,0.0004,0.7364,4
345,400.004,4,0.0004,0.7367,3
346,535,4,0.0004,0.7371,4
347,064.074,4,0.0004,0.7375,4
348,220.005,4,0.0004,0.7379,3
349,321,4,0.0004,0.7382,4
350,085,4,0.0004,0.7386,4
351,593,4,0.0004,0.7390,3
352,387,4,0.0004,0.7394,3
353,200.600,4,0.0004,0.7397,4
354,303,4,0.0004,0.7401,3
355,300.022,4,0.0004,0.7405,4
356,746,4,0.0004,0.7409,4
357,165,4,0.0004,0.7412,4
358,739.003,4,0.0004,0.7416,4
359,736.003,4,0.0004,0.7420,4
360,012,4,0.0004,0.7424,4
361,697,4,0.0004,0.7427,4
362,675,4,0.0004,0.7431,3
363,771,4,0.0004,0.7435,4
364,048.062,4,0.0004,0.7439,3
365,002.006,4,0.0004,0.7442,4
366,360.040,4,0.0004,0.7446,2
367,094,4,0.0004,0.7450,3
368,569,4,0.0004,0.7453,4
369,558,4,0.0004,0.7457,2
370,263,4,0.0004,0.7461,4
371,780,4,0.0004,0.7465,3
372,010.053,4,0.0004,0.7468,4
373,540,4,0.0004,0.7472,2
374,141,4,0.0004,0.7476,4
375,730.069,4,0.0004,0.7480,3
376,052,4,0.0004,0.7483,4
377,600.032,4,0.0004,0.7487,2
378,320.048,4,0.0004,0.7491,4
379,304,4,0.0004,0.7495,4
380,733,4,0.0004,0.7498,2
381,067.022,4,0.0004,0.7502,3
382,315,4,0.0004,0.7506,2
383,010.002,4,0.0004,0.7510,3
384,545,4,0.0004,0.7513,2
385,001.008,4,0.0004,0.7517,3
386,410,4,0.0004,0.7521,4
387,401,4,0.0004,0.7525,3
388,010.067,4,0.0004,0.7528,4
389,590,4,0.0004,0.7532,4
390,536,4,0.0004,0.7536,4
391,071.065.071,4,0.0004,0.7540,4
392,200.053,4,0.0004,0.7543,4
393,200.048,4,0.0004,0.7547,2
394,470.076,4,0.0004,0.7551,4
395,001.061,4,0.0004,0.7554,4
396,5),4,0.0004,0.7558,2
397,776,4,0.0004,0.7562,4
398,222.076,4,0.0004,0.7566,4
399,082,4,0.0004,0.7569,4
400,204.074,4,0.0004,0.7573,3
401,309,4,0.0004,0.7577,3
402,300.052,4,0.0004,0.7581,1
403,010.020,4,0.0004,0.7584,3
404,013.006,4,0.0004,0.7588,1
405,700.009,4,0.0004,0.7592,2
406,588,4,0.0004,0.7596,2
407,554,4,0.0004,0.7599,1
408,10),4,0.0004,0.7603,2
409,270,4,0.0004,0.7607,2
410,366.076,4,0.0004,0.7611,2
411,078.308,4,0.0004,0.7614,2
412,736,4,0.0004,0.7618,3
413,702,4,0.0004,0.7622,2
414,700.061,4,0.0004,0.7626,3
415,464,4,0.0004,0.7629,1
416,120,4,0.0004,0.7633,2
417,630.076,4,0.0004,0.7637,4
418,729,4,0.0004,0.7641,4
419,602,4,0.0004,0.7644,3
420,004.090,4,0.0004,0.7648,4
421,440.076,4,0.0004,0.7652,4
422,011.076,4,0.0004,0.7655,4
423,690,4,0.0004,0.7659,3
424,406,4,0.0004,0.7663,2
425,146,4,0.0004,0.7667,3
426,150,4,0.0004,0.7670,4
427,004.076,4,0.0004,0.7674,4
428,499.076,4,0.0004,0.7678,4
429,472,4,0.0004,0.7682,4
430,070.076,4,0.0004,0.7685,4
431,6),4,0.0004,0.7689,0
432,125,4,0.0004,0.7693,4
433,669,4,0.0004,0.7697,0
434,4,3,0.0003,0.7699,3
435,7,3,0.0003,0.7702,3
436,394,3,0.0003,0.7705,3
437,498,3,0.0003,0.7708,3
438,27,3,0.0003,0.7711,3
439,539,3,0.0003,0.7713,3
440,583,3,0.0003,0.7716,3
441,058,3,0.0003,0.7719,3
442,200.200.011,3,0.0003,0.7722,3
443,748,3,0.0003,0.7725,3
444,006.001.006,3,0.0003,0.7727,3
445,002.062,3,0.0003,0.7730,3
446,253,3,0.0003,0.7733,3
447,606.711,3,0.0003,0.7736,1
448,741.003,3,0.0003,0.7739,3
449,445.003,3,0.0003,0.7742,3
450,008.003,3,0.0003,0.7744,3
451,004.431,3,0.0003,0.7747,3
452,598,3,0.0003,0.7750,3
453,600.065,3,0.0003,0.7753,3
454,326.003,3,0.0003,0.7756,3
455,003.040,3,0.0003,0.7758,3
456,003.050,3,0.0003,0.7761,3
457,001.450,3,0.0003,0.7764,3
458,002.069,3,0.0003,0.7767,2
459,390,3,0.0003,0.7770,2
460,134,3,0.0003,0.7772,3
461,595.002,3,0.0003,0.7775,3
462,330,3,0.0003,0.7778,2
463,061.022.061,3,0.0003,0.7781,3
464,383,3,0.0003,0.7784,3
465,062.064,3,0.0003,0.7786,3
466,747,3,0.0003,0.7789,3
467,133.042,3,0.0003,0.7792,3
468,570,3,0.0003,0.7795,2
469,038,3,0.0003,0.7798,3
470,307,3,0.0003,0.7800,2
471,010.044,3,0.0003,0.7803,3
472,022.010,3,0.0003,0.7806,3
473,700.003,3,0.0003,0.7809,3
474,206.074,3,0.0003,0.7812,3
475,009.006,3,0.0003,0.7814,3
476,065.042,3,0.0003,0.7817,3
477,673,3,0.0003,0.7820,2
478,381.009,3,0.0003,0.7823,3
479,045.061.009,3,0.0003,0.7826,2
480,400.065,3,0.0003,0.7828,3
481,167,3,0.0003,0.7831,3
482,022.071,3,0.0003,0.7834,3
483,191.048,3,0.0003,0.7837,3
484,700.600,3,0.0003,0.7840,3
485,132,3,0.0003,0.7843,2
486,202.003,3,0.0003,0.7845,1
487,400.032,3,0.0003,0.7848,2
488,002.003,3,0.0003,0.7851,3
489,225,3,0.0003,0.7854,3
490,200.000,3,0.0003,0.7857,2
491,370,3,0.0003,0.7859,1
492,027.711,3,0.0003,0.7862,3
493,001.607,3,0.0003,0.7865,3
494,605.700,3,0.0003,0.7868,3
495,660.005,3,0.0003,0.7871,3
496,760.004,3,0.0003,0.7873,3
497,281,3,0.0003,0.7876,2
498,006.010,3,0.0003,0.7879,3
499,762,3,0.0003,0.7882,3
500,594,3,0.0003,0.7885,2
501,022.430,3,0.0003,0.7887,3
502,206.076,3,0.0003,0.7890,3
503,300.044,3,0.0003,0.7893,3
504,050.006,3,0.0003,0.7896,3
505,521,3,0.0003,0.7899,3
506,010.700,3,0.0003,0.7901,3
507,609,3,0.0003,0.7904,3
508,043,3,0.0003,0.7907,2
509,092.076,3,0.0003,0.7910,3
510,304.003,3,0.0003,0.7913,2
511,755.003,3,0.0003,0.7915,1
512,300.077,3,0.0003,0.7918,1
513,671,3,0.0003,0.7921,1
514,062.001.003,3,0.0003,0.7924,1
515,781,3,0.0003,0.7927,2
516,200.004,3,0.0003,0.7929,1
517,020.064,3,0.0003,0.7932,1
518,027.003,3,0.0003,0.7935,1
519,086.003,3,0.0003,0.7938,1
520,200.015,3,0.0003,0.7941,1
521,060.055,3,0.0003,0.7944,1
522,200.200.200.052,3,0.0003,0.7946,1
523,200.005,3,0.0003,0.7949,1
524,066.003,3,0.0003,0.7952,1
525,100,3,0.0003,0.7955,2
526,560,3,0.0003,0.7958,2
527,027.095,3,0.0003,0.7960,1
528,662,3,0.0003,0.7963,1
529,322,3,0.0003,0.7966,2
530,061.001.061,3,0.0003,0.7969,1
531,605.032,3,0.0003,0.7972,3
532,009.061,3,0.0003,0.7974,2
533,466,3,0.0003,0.7977,2
534,200.736,3,0.0003,0.7980,1
535,365,3,0.0003,0.7983,1
536,230,3,0.0003,0.7986,2
537,235,3,0.0003,0.7988,2
538,200.093,3,0.0003,0.7991,1
539,205.571,3,0.0003,0.7994,1
540,200.044,3,0.0003,0.7997,1
541,022.076,3,0.0003,0.8000,3
542,571.076,3,0.0003,0.8002,3
543,449,3,0.0003,0.8005,3
544,028.076,3,0.0003,0.8008,3
545,130,3,0.0003,0.8011,3
546,045.076,3,0.0003,0.8014,3
547,451.076,3,0.0003,0.8016,3
548,129.076,3,0.0003,0.8019,3
549,726.076,3,0.0003,0.8022,3
550,129,3,0.0003,0.8025,3
551,406.076,3,0.0003,0.8028,3
552,149,3,0.0003,0.8030,3
553,404.076,3,0.0003,0.8033,3
554,029.076,3,0.0003,0.8036,3
555,075,3,0.0003,0.8039,3
556,533,3,0.0003,0.8042,3
557,024.076,3,0.0003,0.8045,3
558,076.076,3,0.0003,0.8047,3
559,282,3,0.0003,0.8050,3
560,066.009,3,0.0003,0.8053,1
561,380.061,3,0.0003,0.8056,2
562,600.009,3,0.0003,0.8059,2
563,103,3,0.0003,0.8061,2
564,001.095.003,3,0.0003,0.8064,0
565,137,3,0.0003,0.8067,0
566,200.132,3,0.0003,0.8070,0
567,778,3,0.0003,0.8073,3
568,745.001,3,0.0003,0.8075,3
569,048.010,3,0.0003,0.8078,3
570,320.9,2,0.0002,0.8080,2
571,8,2,0.0002,0.8082,2
572,553,2,0.0002,0.8084,1
573,65.3,2,0.0002,0.8086,2
574,65,2,0.0002,0.8088,2
575,1,2,0.0002,0.8089,2
576,114,2,0.0002,0.8091,2
577,93,2,0.0002,0.8093,2
578,70,2,0.0002,0.8095,2
579,66,2,0.0002,0.8097,2
580,25,2,0.0002,0.8099,2
581,0,2,0.0002,0.8101,2
582,190,2,0.0002,0.8102,2
583,47,2,0.0002,0.8104,2
584,21,2,0.0002,0.8106,2
585,73.6,2,0.0002,0.8108,2
586,48,2,0.0002,0.8110,2
587,90,2,0.0002,0.8112,2
588,538,2,0.0002,0.8114,2
589,71,2,0.0002,0.8116,2
590,622,2,0.0002,0.8117,2
591,300.007,2,0.0002,0.8119,2
592,234,2,0.0002,0.8121,1
593,535.020,2,0.0002,0.8123,2
594,069.006,2,0.0002,0.8125,2
595,254.077,2,0.0002,0.8127,2
596,579,2,0.0002,0.8129,2
597,001.077,2,0.0002,0.8131,2
598,004.660,2,0.0002,0.8132,2
599,360.005,2,0.0002,0.8134,2
600,004.077,2,0.0002,0.8136,2
601,181,2,0.0002,0.8138,2
602,469,2,0.0002,0.8140,2
603,471,2,0.0002,0.8142,2
604,527,2,0.0002,0.8144,2
605,430.004,2,0.0002,0.8146,2
606,630.004,2,0.0002,0.8147,2
607,568,2,0.0002,0.8149,2
608,306.074,2,0.0002,0.8151,2
609,430.430,2,0.0002,0.8153,1
610,200.002,2,0.0002,0.8155,2
611,300.004.064,2,0.0002,0.8157,2
612,311,2,0.0002,0.8159,2
613,254.711,2,0.0002,0.8160,1
614,256.003,2,0.0002,0.8162,2
615,300.020,2,0.0002,0.8164,2
616,182,2,0.0002,0.8166,2
617,256.711,2,0.0002,0.8168,2
618,139,2,0.0002,0.8170,2
619,286,2,0.0002,0.8172,2
620,380.050,2,0.0002,0.8174,2
621,665,2,0.0002,0.8175,2
622,005.042,2,0.0002,0.8177,2
623,300.074,2,0.0002,0.8179,2
624,059.042,2,0.0002,0.8181,2
625,672,2,0.0002,0.8183,2
626,306.711,2,0.0002,0.8185,2
627,208.700,2,0.0002,0.8187,2
628,061.001,2,0.0002,0.8189,2
629,566,2,0.0002,0.8190,2
630,734.074,2,0.0002,0.8192,1
631,719,2,0.0002,0.8194,2
632,212,2,0.0002,0.8196,2
633,360.001,2,0.0002,0.8198,2
634,011.003,2,0.0002,0.8200,2
635,772,2,0.0002,0.8202,2
636,667,2,0.0002,0.8203,2
637,095.060.003,2,0.0002,0.8205,2
638,745.074,2,0.0002,0.8207,2
639,053.009,2,0.0002,0.8209,2
640,741.042,2,0.0002,0.8211,2
641,070.052,2,0.0002,0.8213,2
642,300.002,2,0.0002,0.8215,2
643,652,2,0.0002,0.8217,1
644,661,2,0.0002,0.8218,2
645,606.074,2,0.0002,0.8220,2
646,001.058,2,0.0002,0.8222,2
647,008.240.008,2,0.0002,0.8224,2
648,208.073,2,0.0002,0.8226,2
649,200.003,2,0.0002,0.8228,2
650,043.050,2,0.0002,0.8230,2
651,275,2,0.0002,0.8232,2
652,133,2,0.0002,0.8233,1
653,004.095,2,0.0002,0.8235,2
654,022.711,2,0.0002,0.8237,2
655,005.077,2,0.0002,0.8239,2
656,570.084,2,0.0002,0.8241,2
657,164,2,0.0002,0.8243,2
658,009.008,2,0.0002,0.8245,2
659,650,2,0.0002,0.8247,2
660,242,2,0.0002,0.8248,2
661,324.076,2,0.0002,0.8250,2
662,300.001,2,0.0002,0.8252,2
663,670.700,2,0.0002,0.8254,2
664,022.244,2,0.0002,0.8256,1
665,005.003,2,0.0002,0.8258,2
666,059.450,2,0.0002,0.8260,2
667,022.600,2,0.0002,0.8261,2
668,005.006,2,0.0002,0.8263,1
669,292,2,0.0002,0.8265,2
670,663,2,0.0002,0.8267,2
671,474,2,0.0002,0.8269,1
672,205.003,2,0.0002,0.8271,2
673,727,2,0.0002,0.8273,2
674,380.044,2,0.0002,0.8275,2
675,520.044,2,0.0002,0.8276,2
676,415,2,0.0002,0.8278,2
677,079.275,2,0.0002,0.8280,2
678,007.052,2,0.0002,0.8282,2
679,220.011,2,0.0002,0.8284,2
680,670.010,2,0.0002,0.8286,1
681,083,2,0.0002,0.8288,2
682,061,2,0.0002,0.8290,2
683,243,2,0.0002,0.8291,2
684,022.254,2,0.0002,0.8293,2
685,252,2,0.0002,0.8295,1
686,777,2,0.0002,0.8297,2
687,550,2,0.0002,0.8299,2
688,408,2,0.0002,0.8301,2
689,072.002,2,0.0002,0.8303,2
690,067.064,2,0.0002,0.8304,1
691,049.006,2,0.0002,0.8306,2
692,683,2,0.0002,0.8308,2
693,379.013,2,0.0002,0.8310,2
694,001.072,2,0.0002,0.8312,2
695,003.254,2,0.0002,0.8314,1
696,010.430,2,0.0002,0.8316,2
697,245,2,0.0002,0.8318,2
698,546,2,0.0002,0.8319,2
699,095.095,2,0.0002,0.8321,2
700,107,2,0.0002,0.8323,2
701,059.006,2,0.0002,0.8325,2
702,005.244,2,0.0002,0.8327,1
703,145,2,0.0002,0.8329,2
704,379.061,2,0.0002,0.8331,2
705,002.042,2,0.0002,0.8333,1
706,240,2,0.0002,0.8334,2
707,607.000,2,0.0002,0.8336,2
708,200.055,2,0.0002,0.8338,2
709,606.003,2,0.0002,0.8340,1
710,007.003,2,0.0002,0.8342,1
711,004.006,2,0.0002,0.8344,2
712,700.244,2,0.0002,0.8346,2
713,240.008,2,0.0002,0.8348,2
714,002.009,2,0.0002,0.8349,2
715,300.024,2,0.0002,0.8351,2
716,300.040,2,0.0002,0.8353,2
717,063.061,2,0.0002,0.8355,2
718,520.063,2,0.0002,0.8357,1
719,386.003,2,0.0002,0.8359,2
720,004.008,2,0.0002,0.8361,1
721,526,2,0.0002,0.8362,2
722,004.670,2,0.0002,0.8364,2
723,380.739,2,0.0002,0.8366,2
724,561,2,0.0002,0.8368,2
725,062.004,2,0.0002,0.8370,2
726,077.034,2,0.0002,0.8372,2
727,730.001,2,0.0002,0.8374,1
728,002.034,2,0.0002,0.8376,2
729,515,2,0.0002,0.8377,2
730,509,2,0.0002,0.8379,2
731,200.007,2,0.0002,0.8381,2
732,459,2,0.0002,0.8383,2
733,068.010,2,0.0002,0.8385,2
734,391,2,0.0002,0.8387,2
735,153,2,0.0002,0.8389,1
736,595.005,2,0.0002,0.8391,1
737,122,2,0.0002,0.8392,1
738,597,2,0.0002,0.8394,1
739,005.006.010,2,0.0002,0.8396,1
740,633,2,0.0002,0.8398,2
741,290.001,2,0.0002,0.8400,2
742,003.003.004,2,0.0002,0.8402,1
743,260.011,2,0.0002,0.8404,1
744,187,2,0.0002,0.8405,2
745,214.076,2,0.0002,0.8407,2
746,151,2,0.0002,0.8409,2
747,608.700,2,0.0002,0.8411,2
748,111,2,0.0002,0.8413,2
749,432,2,0.0002,0.8415,2
750,769,2,0.0002,0.8417,2
751,730.076,2,0.0002,0.8419,2
752,517,2,0.0002,0.8420,2
753,246.009,2,0.0002,0.8422,1
754,006.004,2,0.0002,0.8424,1
755,022.344,2,0.0002,0.8426,1
756,720.244,2,0.0002,0.8428,1
757,084.003,2,0.0002,0.8430,1
758,006.042.003,2,0.0002,0.8432,1
759,385.003,2,0.0002,0.8434,1
760,065.074,2,0.0002,0.8435,1
761,043.008,2,0.0002,0.8437,1
762,121,2,0.0002,0.8439,1
763,050.711,2,0.0002,0.8441,1
764,001.006.109,2,0.0002,0.8443,1
765,065.010,2,0.0002,0.8445,1
766,069.065,2,0.0002,0.8447,1
767,060.069,2,0.0002,0.8449,2
768,548,2,0.0002,0.8450,1
769,021.005,2,0.0002,0.8452,1
770,066.048,2,0.0002,0.8454,1
771,065.306,2,0.0002,0.8456,1
772,300.027.003,2,0.0002,0.8458,1
773,200.200,2,0.0002,0.8460,1
774,320,2,0.0002,0.8462,2
775,040.522,2,0.0002,0.8463,1
776,022.343,2,0.0002,0.8465,1
777,022.346,2,0.0002,0.8467,1
778,624,2,0.0002,0.8469,1
779,700.042,2,0.0002,0.8471,2
780,076.063,2,0.0002,0.8473,1
781,205.020,2,0.0002,0.8475,1
782,491,2,0.0002,0.8477,1
783,290.007,2,0.0002,0.8478,1
784,455.064,2,0.0002,0.8480,1
785,005.062,2,0.0002,0.8482,1
786,9),2,0.0002,0.8484,1
787,380.020,2,0.0002,0.8486,1
788,069.055,2,0.0002,0.8488,1
789,087.062,2,0.0002,0.8490,1
790,420.052,2,0.0002,0.8492,1
791,010.450.010,2,0.0002,0.8493,1
792,346,2,0.0002,0.8495,1
793,200.730,2,0.0002,0.8497,2
794,600.209,2,0.0002,0.8499,1
795,200.560.001,2,0.0002,0.8501,1
796,200.451,2,0.0002,0.8503,1
797,600.755,2,0.0002,0.8505,1
798,230.081,2,0.0002,0.8506,1
799,002.063,2,0.0002,0.8508,2
800,046.711,2,0.0002,0.8510,2
801,482,2,0.0002,0.8512,1
802,022.052,2,0.0002,0.8514,1
803,020.052,2,0.0002,0.8516,1
804,737.052,2,0.0002,0.8518,1
805,604.075,2,0.0002,0.8520,2
806,504.003,2,0.0002,0.8521,1
807,180,2,0.0002,0.8523,1
808,360.050,2,0.0002,0.8525,1
809,360.244.711,2,0.0002,0.8527,1
810,335,2,0.0002,0.8529,1
811,505,2,0.0002,0.8531,2
812,384.074,2,0.0002,0.8533,1
813,117.061,2,0.0002,0.8535,2
814,132.074,2,0.0002,0.8536,1
815,175,2,0.0002,0.8538,2
816,522.076,2,0.0002,0.8540,2
817,320.071,2,0.0002,0.8542,2
818,071.065.076,2,0.0002,0.8544,2
819,294.076,2,0.0002,0.8546,2
820,073.064.076,2,0.0002,0.8548,2
821,382.076,2,0.0002,0.8550,2
822,073.006.076,2,0.0002,0.8551,2
823,430.061,2,0.0002,0.8553,2
824,006.076,2,0.0002,0.8555,2
825,220.071,2,0.0002,0.8557,2
826,178.076,2,0.0002,0.8559,2
827,071.061,2,0.0002,0.8561,2
828,148,2,0.0002,0.8563,2
829,531,2,0.0002,0.8564,2
830,076.006,2,0.0002,0.8566,2
831,529,2,0.0002,0.8568,2
832,204.076,2,0.0002,0.8570,2
833,690.076,2,0.0002,0.8572,2
834,513,2,0.0002,0.8574,2
835,537,2,0.0002,0.8576,2
836,701,2,0.0002,0.8578,2
837,091.076,2,0.0002,0.8579,2
838,055.076,2,0.0002,0.8581,2
839,240.076,2,0.0002,0.8583,2
840,604.076.075,2,0.0002,0.8585,2
841,501,2,0.0002,0.8587,2
842,499.006,2,0.0002,0.8589,2
843,076.053,2,0.0002,0.8591,2
844,383.076,2,0.0002,0.8593,2
845,193,2,0.0002,0.8594,2
846,381.076,2,0.0002,0.8596,2
847,503,2,0.0002,0.8598,2
848,320.076,2,0.0002,0.8600,2
849,191,2,0.0002,0.8602,1
850,306.076,2,0.0002,0.8604,2
851,290.042,2,0.0002,0.8606,2
852,305.076,2,0.0002,0.8608,2
853,053.076,2,0.0002,0.8609,2
854,007.076,2,0.0002,0.8611,2
855,073.076,2,0.0002,0.8613,2
856,670.076,2,0.0002,0.8615,2
857,700.490,2,0.0002,0.8617,2
858,402,2,0.0002,0.8619,0
859,115,2,0.0002,0.8621,2
860,034.006,2,0.0002,0.8622,2
861,381.010,2,0.0002,0.8624,1
862,301.009,2,0.0002,0.8626,2
863,400.022,2,0.0002,0.8628,1
864,601,2,0.0002,0.8630,2
865,174,2,0.0002,0.8632,2
866,592,2,0.0002,0.8634,0
867,700.006,2,0.0002,0.8636,1
868,066.006,2,0.0002,0.8637,0
869,081.061,2,0.0002,0.8639,0
870,744,2,0.0002,0.8641,0
871,600.001,2,0.0002,0.8643,0
872,445.711,2,0.0002,0.8645,0
873,400.007,2,0.0002,0.8647,0
874,154.246.242,2,0.0002,0.8649,0
875,076.276,2,0.0002,0.8651,0
876,699,2,0.0002,0.8652,0
877,360.041,2,0.0002,0.8654,0
878,205.001,2,0.0002,0.8656,0
879,200.700.061,2,0.0002,0.8658,0
880,450.052.240.069,2,0.0002,0.8660,0
881,027.290,2,0.0002,0.8662,0
882,344,2,0.0002,0.8664,0
883,386.078,2,0.0002,0.8665,0
884,042.008,2,0.0002,0.8667,1
885,607.074,2,0.0002,0.8669,0
886,300.730,2,0.0002,0.8671,0
887,200.047,2,0.0002,0.8673,2
888,044.430,2,0.0002,0.8675,2
889,309.055,2,0.0002,0.8677,2
890,606.075,2,0.0002,0.8679,2
891,001.520,2,0.0002,0.8680,2
892,001.086,2,0.0002,0.8682,2
893,159,2,0.0002,0.8684,2
894,190.055,2,0.0002,0.8686,2
895,001.670,2,0.0002,0.8688,2
896,300.005,2,0.0002,0.8690,2
897,205.000,2,0.0002,0.8692,2
898,16),2,0.0002,0.8694,2
899,430.40,1,0.0001,0.8694,1
900,695,1,0.0001,0.8695,1
901,4.120,1,0.0001,0.8696,1
902,4.67,1,0.0001,0.8697,1
903,34,1,0.0001,0.8698,1
904,60.554,1,0.0001,0.8699,1
905,551.61,1,0.0001,0.8700,1
906,552,1,0.0001,0.8701,1
907,301.82,1,0.0001,0.8702,1
908,8.451,1,0.0001,0.8703,1
909,5.22,1,0.0001,0.8704,1
910,8.6,1,0.0001,0.8705,1
911,4.64,1,0.0001,0.8706,1
912,65.95,1,0.0001,0.8707,1
913,65.65,1,0.0001,0.8708,1
914,65.450,1,0.0001,0.8709,1
915,65.9,1,0.0001,0.8709,1
916,65.6,1,0.0001,0.8710,1
917,60,1,0.0001,0.8711,1
918,1.421.739,1,0.0001,0.8712,1
919,63,1,0.0001,0.8713,1
920,15,1,0.0001,0.8714,1
921,630.678,1,0.0001,0.8715,1
922,52,1,0.0001,0.8716,1
923,67,1,0.0001,0.8717,1
924,655,1,0.0001,0.8718,1
925,44,1,0.0001,0.8719,1
926,290.401,1,0.0001,0.8720,1
927,658,1,0.0001,0.8721,1
928,200.93,1,0.0001,0.8722,1
929,711.114,1,0.0001,0.8723,1
930,1.376,1,0.0001,0.8723,1
931,103.95,1,0.0001,0.8724,1
932,87,1,0.0001,0.8725,1
933,539.200,1,0.0001,0.8726,1
934,300.440,1,0.0001,0.8727,1
935,131,1,0.0001,0.8728,1
936,50,1,0.0001,0.8729,1
937,442,1,0.0001,0.8730,1
938,530.71,1,0.0001,0.8731,1
939,64,1,0.0001,0.8732,1
940,701.76,1,0.0001,0.8733,1
941,22.678,1,0.0001,0.8734,1
942,655.76,1,0.0001,0.8735,1
943,393,1,0.0001,0.8736,1
944,33,1,0.0001,0.8737,1
945,61.86.61,1,0.0001,0.8737,1
946,76,1,0.0001,0.8738,1
947,39,1,0.0001,0.8739,1
948,9,1,0.0001,0.8740,1
949,40,1,0.0001,0.8741,1
950,530.1,1,0.0001,0.8742,1
951,11.670,1,0.0001,0.8743,1
952,99,1,0.0001,0.8744,1
953,61,1,0.0001,0.8745,1
954,306.3,1,0.0001,0.8746,1
955,28.93,1,0.0001,0.8747,1
956,45.6,1,0.0001,0.8748,1
957,22.243,1,0.0001,0.8749,1
958,5,1,0.0001,0.8750,1
959,77.34,1,0.0001,0.8751,1
960,4.600,1,0.0001,0.8752,1
961,626.74,1,0.0001,0.8752,1
962,613,1,0.0001,0.8753,1
963,004.061,1,0.0001,0.8754,1
964,600.004.064,1,0.0001,0.8755,1
965,007.074,1,0.0001,0.8756,1
966,208.008,1,0.0001,0.8757,1
967,320.009,1,0.0001,0.8758,1
968,585,1,0.0001,0.8759,1
969,320.052,1,0.0001,0.8760,1
970,197,1,0.0001,0.8761,1
971,300.400,1,0.0001,0.8762,1
972,285,1,0.0001,0.8763,1
973,144.042,1,0.0001,0.8764,1
974,004.575,1,0.0001,0.8765,1
975,074.700.069,1,0.0001,0.8766,1
976,575.074,1,0.0001,0.8766,1
977,745.009,1,0.0001,0.8767,1
978,507,1,0.0001,0.8768,1
979,737,1,0.0001,0.8769,1
980,001.077.244,1,0.0001,0.8770,1
981,010.061,1,0.0001,0.8771,1
982,002.049,1,0.0001,0.8772,1
983,007.010.074,1,0.0001,0.8773,1
984,109.009,1,0.0001,0.8774,1
985,208.007,1,0.0001,0.8775,1
986,002.208,1,0.0001,0.8776,1
987,001.062.074,1,0.0001,0.8777,1
988,306.108,1,0.0001,0.8778,1
989,366,1,0.0001,0.8779,1
990,716,1,0.0001,0.8780,1
991,044.010,1,0.0001,0.8781,1
992,306.010,1,0.0001,0.8781,1
993,200.025.240.025.254,1,0.0001,0.8782,1
994,240.048.062,1,0.0001,0.8783,1
995,049.477,1,0.0001,0.8784,1
996,091.009.325,1,0.0001,0.8785,1
997,330.700,1,0.0001,0.8786,1
998,074.050.010,1,0.0001,0.8787,1
999,476,1,0.0001,0.8788,1
1000,379.004,1,0.0001,0.8789,1
1001,300.432,1,0.0001,0.8790,1
1002,044.340.044,1,0.0001,0.8791,1
1003,323,1,0.0001,0.8792,1
1004,410.011,1,0.0001,0.8793,1
1005,200.670,1,0.0001,0.8794,1
1006,494,1,0.0001,0.8795,1
1007,011.077,1,0.0001,0.8795,1
1008,524,1,0.0001,0.8796,1
1009,022.200.091,1,0.0001,0.8797,1
1010,022.025,1,0.0001,0.8798,1
1011,605.007,1,0.0001,0.8799,1
1012,386.710,1,0.0001,0.8800,1
1013,735.005,1,0.0001,0.8801,1
1014,386.711,1,0.0001,0.8802,1
1015,009.005.074,1,0.0001,0.8803,1
1016,290.025,1,0.0001,0.8804,1
1017,254.060.711,1,0.0001,0.8805,1
1018,280.025,1,0.0001,0.8806,1
1019,065.210.065,1,0.0001,0.8807,1
1020,010.710,1,0.0001,0.8808,1
1021,215.005,1,0.0001,0.8809,1
1022,242.001,1,0.0001,0.8810,1
1023,094.711,1,0.0001,0.8810,1
1024,006.008,1,0.0001,0.8811,1
1025,077.049,1,0.0001,0.8812,1
1026,010.007.734,1,0.0001,0.8813,1
1027,090.061,1,0.0001,0.8814,1
1028,625.005.010.003,1,0.0001,0.8815,1
1029,240.024,1,0.0001,0.8816,1
1030,060.002,1,0.0001,0.8817,1
1031,360.009,1,0.0001,0.8818,1
1032,005.325,1,0.0001,0.8819,1
1033,009.607,1,0.0001,0.8820,1
1034,001.078,1,0.0001,0.8821,1
1035,019.670,1,0.0001,0.8822,1
1036,009.004.240.004,1,0.0001,0.8823,1
1037,607.071,1,0.0001,0.8824,1
1038,615.711,1,0.0001,0.8824,1
1039,170,1,0.0001,0.8825,1
1040,300.088,1,0.0001,0.8826,1
1041,057.008,1,0.0001,0.8827,1
1042,651,1,0.0001,0.8828,1
1043,732,1,0.0001,0.8829,1
1044,506.109,1,0.0001,0.8830,1
1045,400.400.009,1,0.0001,0.8831,1
1046,603.022,1,0.0001,0.8832,1
1047,626,1,0.0001,0.8833,1
1048,325.074,1,0.0001,0.8834,1
1049,053.074,1,0.0001,0.8835,1
1050,007.095,1,0.0001,0.8836,1
1051,062.003,1,0.0001,0.8837,1
1052,600.004.003,1,0.0001,0.8838,1
1053,681,1,0.0001,0.8838,1
1054,441.003,1,0.0001,0.8839,1
1055,300.021.306.021,1,0.0001,0.8840,1
1056,740.074,1,0.0001,0.8841,1
1057,448.050,1,0.0001,0.8842,1
1058,447.050.044.003,1,0.0001,0.8843,1
1059,489,1,0.0001,0.8844,1
1060,048.044,1,0.0001,0.8845,1
1061,586,1,0.0001,0.8846,1
1062,730.074,1,0.0001,0.8847,1
1063,022.590.022,1,0.0001,0.8848,1
1064,600.022.009,1,0.0001,0.8849,1
1065,300.460.004,1,0.0001,0.8850,1
1066,487.004,1,0.0001,0.8851,1
1067,756,1,0.0001,0.8852,1
1068,040.004,1,0.0001,0.8853,1
1069,008.079,1,0.0001,0.8853,1
1070,010.599,1,0.0001,0.8854,1
1071,041.052,1,0.0001,0.8855,1
1072,029.074,1,0.0001,0.8856,1
1073,207.520,1,0.0001,0.8857,1
1074,074.007.095,1,0.0001,0.8858,1
1075,003.255,1,0.0001,0.8859,1
1076,003.060,1,0.0001,0.8860,1
1077,079.074,1,0.0001,0.8861,1
1078,681.003,1,0.0001,0.8862,1
1079,027.009.003,1,0.0001,0.8863,1
1080,431.144,1,0.0001,0.8864,1
1081,123.123,1,0.0001,0.8865,1
1082,600.074,1,0.0001,0.8866,1
1083,040.009,1,0.0001,0.8867,1
1084,096.003,1,0.0001,0.8867,1
1085,430.042,1,0.0001,0.8868,1
1086,670.062,1,0.0001,0.8869,1
1087,743.053,1,0.0001,0.8870,1
1088,048.144,1,0.0001,0.8871,1
1089,056.009,1,0.0001,0.8872,1
1090,063.004,1,0.0001,0.8873,1
1091,062.001.450,1,0.0001,0.8874,1
1092,001.053,1,0.0001,0.8875,1
1093,070.037,1,0.0001,0.8876,1
1094,070.002,1,0.0001,0.8877,1
1095,093.010,1,0.0001,0.8878,1
1096,002.010.003,1,0.0001,0.8879,1
1097,390.045,1,0.0001,0.8880,1
1098,290.096,1,0.0001,0.8881,1
1099,022.670.052,1,0.0001,0.8882,1
1100,004.074,1,0.0001,0.8882,1
1101,450.074,1,0.0001,0.8883,1
1102,578.040,1,0.0001,0.8884,1
1103,296.107,1,0.0001,0.8885,1
1104,379.055,1,0.0001,0.8886,1
1105,004.078,1,0.0001,0.8887,1
1106,360.718,1,0.0001,0.8888,1
1107,079.052,1,0.0001,0.8889,1
1108,606.058,1,0.0001,0.8890,1
1109,745.008,1,0.0001,0.8891,1
1110,200.025,1,0.0001,0.8892,1
1111,453,1,0.0001,0.8893,1
1112,607.071.544,1,0.0001,0.8894,1
1113,048.461,1,0.0001,0.8895,1
1114,091.009,1,0.0001,0.8896,1
1115,717,1,0.0001,0.8896,1
1116,361,1,0.0001,0.8897,1
1117,061.027,1,0.0001,0.8898,1
1118,006.773.006,1,0.0001,0.8899,1
1119,009.044,1,0.0001,0.8900,1
1120,038.004,1,0.0001,0.8901,1
1121,067.027,1,0.0001,0.8902,1
1122,450.246,1,0.0001,0.8903,1
1123,291.022,1,0.0001,0.8904,1
1124,025.254,1,0.0001,0.8905,1
1125,004.755,1,0.0001,0.8906,1
1126,004.631,1,0.0001,0.8907,1
1127,005.631,1,0.0001,0.8908,1
1128,004.053,1,0.0001,0.8909,1
1129,050.394,1,0.0001,0.8910,1
1130,595.001,1,0.0001,0.8911,1
1131,301.004,1,0.0001,0.8911,1
1132,211.042,1,0.0001,0.8912,1
1133,305.074,1,0.0001,0.8913,1
1134,220.068,1,0.0001,0.8914,1
1135,040.095,1,0.0001,0.8915,1
1136,059.095,1,0.0001,0.8916,1
1137,064.070.010,1,0.0001,0.8917,1
1138,360.002,1,0.0001,0.8918,1
1139,300.063,1,0.0001,0.8919,1
1140,360.063,1,0.0001,0.8920,1
1141,330.063,1,0.0001,0.8921,1
1142,330.755,1,0.0001,0.8922,1
1143,330.004.064,1,0.0001,0.8923,1
1144,330.043.050,1,0.0001,0.8924,1
1145,330.004,1,0.0001,0.8925,1
1146,231,1,0.0001,0.8925,1
1147,330.015,1,0.0001,0.8926,1
1148,330.569,1,0.0001,0.8927,1
1149,330.020.006,1,0.0001,0.8928,1
1150,330.749,1,0.0001,0.8929,1
1151,293,1,0.0001,0.8930,1
1152,745.697,1,0.0001,0.8931,1
1153,262,1,0.0001,0.8932,1
1154,091.450,1,0.0001,0.8933,1
1155,071.126,1,0.0001,0.8934,1
1156,463,1,0.0001,0.8935,1
1157,373,1,0.0001,0.8936,1
1158,135,1,0.0001,0.8937,1
1159,400.063,1,0.0001,0.8938,1
1160,065.610,1,0.0001,0.8939,1
1161,065.600,1,0.0001,0.8939,1
1162,066.203,1,0.0001,0.8940,1
1163,630.063,1,0.0001,0.8941,1
1164,331,1,0.0001,0.8942,1
1165,730.006,1,0.0001,0.8943,1
1166,063.096,1,0.0001,0.8944,1
1167,006.009,1,0.0001,0.8945,1
1168,028.006,1,0.0001,0.8946,1
1169,119,1,0.0001,0.8947,1
1170,004.009,1,0.0001,0.8948,1
1171,290.063,1,0.0001,0.8949,1
1172,015.063,1,0.0001,0.8950,1
1173,063.037,1,0.0001,0.8951,1
1174,618,1,0.0001,0.8952,1
1175,300.008,1,0.0001,0.8953,1
1176,200.022.077.074,1,0.0001,0.8954,1
1177,380.022.077,1,0.0001,0.8954,1
1178,300.027.063,1,0.0001,0.8955,1
1179,300.083,1,0.0001,0.8956,1
1180,200.083,1,0.0001,0.8957,1
1181,624.008,1,0.0001,0.8958,1
1182,320.008.010,1,0.0001,0.8959,1
1183,001.678,1,0.0001,0.8960,1
1184,638.291,1,0.0001,0.8961,1
1185,300.042.722,1,0.0001,0.8962,1
1186,441,1,0.0001,0.8963,1
1187,775,1,0.0001,0.8964,1
1188,392,1,0.0001,0.8965,1
1189,004.064.042,1,0.0001,0.8966,1
1190,738,1,0.0001,0.8967,1
1191,235.109,1,0.0001,0.8968,1
1192,653,1,0.0001,0.8968,1
1193,004.450,1,0.0001,0.8969,1
1194,071.065.010,1,0.0001,0.8970,1
1195,462.760,1,0.0001,0.8971,1
1196,066.037,1,0.0001,0.8972,1
1197,286.074,1,0.0001,0.8973,1
1198,083.041,1,0.0001,0.8974,1
1199,300.066,1,0.0001,0.8975,1
1200,104,1,0.0001,0.8976,1
1201,101,1,0.0001,0.8977,1
1202,590.005,1,0.0001,0.8978,1
1203,063.004.064,1,0.0001,0.8979,1
1204,379.065,1,0.0001,0.8980,1
1205,290.053,1,0.0001,0.8981,1
1206,300.755,1,0.0001,0.8982,1
1207,307.003,1,0.0001,0.8983,1
1208,700.008,1,0.0001,0.8983,1
1209,008.049,1,0.0001,0.8984,1
1210,405.008,1,0.0001,0.8985,1
1211,049.069,1,0.0001,0.8986,1
1212,320.022,1,0.0001,0.8987,1
1213,541,1,0.0001,0.8988,1
1214,445.041,1,0.0001,0.8989,1
1215,745.076,1,0.0001,0.8990,1
1216,006.074.326.077,1,0.0001,0.8991,1
1217,420.430,1,0.0001,0.8992,1
1218,654,1,0.0001,0.8993,1
1219,380.007,1,0.0001,0.8994,1
1220,380.280,1,0.0001,0.8995,1
1221,380.002,1,0.0001,0.8996,1
1222,010.133,1,0.0001,0.8997,1
1223,060.169.678,1,0.0001,0.8997,1
1224,522.070,1,0.0001,0.8998,1
1225,484,1,0.0001,0.8999,1
1226,374.074,1,0.0001,0.9000,1
1227,002.600,1,0.0001,0.9001,1
1228,540.091,1,0.0001,0.9002,1
1229,069.056,1,0.0001,0.9003,1
1230,300.079,1,0.0001,0.9004,1
1231,235.065.003,1,0.0001,0.9005,1
1232,100.003,1,0.0001,0.9006,1
1233,013.003,1,0.0001,0.9007,1
1234,006.009.003,1,0.0001,0.9008,1
1235,059.003,1,0.0001,0.9009,1
1236,574.003,1,0.0001,0.9010,1
1237,700.069,1,0.0001,0.9011,1
1238,200.032,1,0.0001,0.9012,1
1239,091.032,1,0.0001,0.9012,1
1240,246.077,1,0.0001,0.9013,1
1241,002.077,1,0.0001,0.9014,1
1242,465,1,0.0001,0.9015,1
1243,011.006,1,0.0001,0.9016,1
1244,077.208,1,0.0001,0.9017,1
1245,236,1,0.0001,0.9018,1
1246,582.074,1,0.0001,0.9019,1
1247,006.024.062,1,0.0001,0.9020,1
1248,540.065.003,1,0.0001,0.9021,1
1249,002.052,1,0.0001,0.9022,1
1250,482.052,1,0.0001,0.9023,1
1251,105,1,0.0001,0.9024,1
1252,001.300,1,0.0001,0.9025,1
1253,065.065.042,1,0.0001,0.9026,1
1254,048.385.008,1,0.0001,0.9026,1
1255,011.209,1,0.0001,0.9027,1
1256,065.042.300,1,0.0001,0.9028,1
1257,196,1,0.0001,0.9029,1
1258,320.045,1,0.0001,0.9030,1
1259,002.065.003,1,0.0001,0.9031,1
1260,490.079.010.003,1,0.0001,0.9032,1
1261,022.095.008,1,0.0001,0.9033,1
1262,360.008,1,0.0001,0.9034,1
1263,567.006.005,1,0.0001,0.9035,1
1264,208.016,1,0.0001,0.9036,1
1265,492,1,0.0001,0.9037,1
1266,200.171,1,0.0001,0.9038,1
1267,240.545,1,0.0001,0.9039,1
1268,156,1,0.0001,0.9040,1
1269,154,1,0.0001,0.9040,1
1270,407.063,1,0.0001,0.9041,1
1271,493.054,1,0.0001,0.9042,1
1272,492.054,1,0.0001,0.9043,1
1273,002.010.037,1,0.0001,0.9044,1
1274,001.200,1,0.0001,0.9045,1
1275,581.376,1,0.0001,0.9046,1
1276,540.700,1,0.0001,0.9047,1
1277,005.700.061,1,0.0001,0.9048,1
1278,041.008,1,0.0001,0.9049,1
1279,095.042.009,1,0.0001,0.9050,1
1280,240.004.064,1,0.0001,0.9051,1
1281,063.009,1,0.0001,0.9052,1
1282,266,1,0.0001,0.9053,1
1283,395.006.074,1,0.0001,0.9054,1
1284,049.007,1,0.0001,0.9055,1
1285,735,1,0.0001,0.9055,1
1286,006.200,1,0.0001,0.9056,1
1287,459.200.459,1,0.0001,0.9057,1
1288,067.067.010,1,0.0001,0.9058,1
1289,022.059,1,0.0001,0.9059,1
1290,290.059,1,0.0001,0.9060,1
1291,543,1,0.0001,0.9061,1
1292,240.027,1,0.0001,0.9062,1
1293,320.004.064,1,0.0001,0.9063,1
1294,405.003,1,0.0001,0.9064,1
1295,065.200.065,1,0.0001,0.9065,1
1296,044.003,1,0.0001,0.9066,1
1297,006.059,1,0.0001,0.9067,1
1298,050.010.037,1,0.0001,0.9068,1
1299,001.208.069,1,0.0001,0.9069,1
1300,226.074,1,0.0001,0.9069,1
1301,380.011,1,0.0001,0.9070,1
1302,370.050,1,0.0001,0.9071,1
1303,047.005,1,0.0001,0.9072,1
1304,385.070,1,0.0001,0.9073,1
1305,370.070,1,0.0001,0.9074,1
1306,074.062,1,0.0001,0.9075,1
1307,594.061,1,0.0001,0.9076,1
1308,067.001,1,0.0001,0.9077,1
1309,254.063,1,0.0001,0.9078,1
1310,022.252,1,0.0001,0.9079,1
1311,286.002,1,0.0001,0.9080,1
1312,031.003,1,0.0001,0.9081,1
1313,200.066,1,0.0001,0.9082,1
1314,004.760,1,0.0001,0.9083,1
1315,200.200.200,1,0.0001,0.9084,1
1316,048.001,1,0.0001,0.9084,1
1317,073.073,1,0.0001,0.9085,1
1318,001.214,1,0.0001,0.9086,1
1319,042.009,1,0.0001,0.9087,1
1320,774.067.774,1,0.0001,0.9088,1
1321,040.010,1,0.0001,0.9089,1
1322,074.040,1,0.0001,0.9090,1
1323,044.040,1,0.0001,0.9091,1
1324,143,1,0.0001,0.9092,1
1325,152,1,0.0001,0.9093,1
1326,600.390.041,1,0.0001,0.9094,1
1327,078.711,1,0.0001,0.9095,1
1328,637,1,0.0001,0.9096,1
1329,006.011,1,0.0001,0.9097,1
1330,299,1,0.0001,0.9098,1
1331,215.002,1,0.0001,0.9098,1
1332,200.200.205,1,0.0001,0.9099,1
1333,052.073,1,0.0001,0.9100,1
1334,384.002,1,0.0001,0.9101,1
1335,481.002,1,0.0001,0.9102,1
1336,004.763,1,0.0001,0.9103,1
1337,010.008,1,0.0001,0.9104,1
1338,275.008,1,0.0001,0.9105,1
1339,383.094,1,0.0001,0.9106,1
1340,481,1,0.0001,0.9107,1
1341,067.075,1,0.0001,0.9108,1
1342,226.003,1,0.0001,0.9109,1
1343,486.108,1,0.0001,0.9110,1
1344,069.107,1,0.0001,0.9111,1
1345,200.200.200.022,1,0.0001,0.9112,1
1346,003.084.003,1,0.0001,0.9113,1
1347,207.003,1,0.0001,0.9113,1
1348,085.010,1,0.0001,0.9114,1
1349,003.022.003,1,0.0001,0.9115,1
1350,003.024.003,1,0.0001,0.9116,1
1351,086.001,1,0.0001,0.9117,1
1352,003.001.003,1,0.0001,0.9118,1
1353,605.009,1,0.0001,0.9119,1
1354,311.071,1,0.0001,0.9120,1
1355,280.003,1,0.0001,0.9121,1
1356,600.064,1,0.0001,0.9122,1
1357,095.042,1,0.0001,0.9123,1
1358,003.255.003,1,0.0001,0.9124,1
1359,431.009,1,0.0001,0.9125,1
1360,190.003,1,0.0001,0.9126,1
1361,665.052,1,0.0001,0.9127,1
1362,003.354.003,1,0.0001,0.9127,1
1363,003.523.004,1,0.0001,0.9128,1
1364,216.000,1,0.0001,0.9129,1
1365,290.073,1,0.0001,0.9130,1
1366,061.024.061,1,0.0001,0.9131,1
1367,523,1,0.0001,0.9132,1
1368,004.607,1,0.0001,0.9133,1
1369,004.002,1,0.0001,0.9134,1
1370,296.003,1,0.0001,0.9135,1
1371,390.008,1,0.0001,0.9136,1
1372,465.009,1,0.0001,0.9137,1
1373,248,1,0.0001,0.9138,1
1374,671.003,1,0.0001,0.9139,1
1375,002.000,1,0.0001,0.9140,1
1376,010.002.069,1,0.0001,0.9141,1
1377,445.002,1,0.0001,0.9141,1
1378,480.002,1,0.0001,0.9142,1
1379,483,1,0.0001,0.9143,1
1380,059.008,1,0.0001,0.9144,1
1381,059.003.001,1,0.0001,0.9145,1
1382,391.071,1,0.0001,0.9146,1
1383,052.066,1,0.0001,0.9147,1
1384,003.305,1,0.0001,0.9148,1
1385,003.670,1,0.0001,0.9149,1
1386,006.010.078,1,0.0001,0.9150,1
1387,761,1,0.0001,0.9151,1
1388,557,1,0.0001,0.9152,1
1389,556,1,0.0001,0.9153,1
1390,003.000.003,1,0.0001,0.9154,1
1391,095.060,1,0.0001,0.9155,1
1392,003.070,1,0.0001,0.9156,1
1393,247,1,0.0001,0.9156,1
1394,003.215,1,0.0001,0.9157,1
1395,004.400,1,0.0001,0.9158,1
1396,037.086,1,0.0001,0.9159,1
1397,044.420,1,0.0001,0.9160,1
1398,022.062.010,1,0.0001,0.9161,1
1399,530.070,1,0.0001,0.9162,1
1400,725,1,0.0001,0.9163,1
1401,206.711.711,1,0.0001,0.9164,1
1402,063.207,1,0.0001,0.9165,1
1403,204.042,1,0.0001,0.9166,1
1404,656.090,1,0.0001,0.9167,1
1405,678.300.301,1,0.0001,0.9168,1
1406,430.061.095.003,1,0.0001,0.9169,1
1407,284,1,0.0001,0.9170,1
1408,173,1,0.0001,0.9170,1
1409,200.042.041,1,0.0001,0.9171,1
1410,052.590.052,1,0.0001,0.9172,1
1411,590.052,1,0.0001,0.9173,1
1412,001.380,1,0.0001,0.9174,1
1413,003.000.003.052,1,0.0001,0.9175,1
1414,061.306.083,1,0.0001,0.9176,1
1415,590.063,1,0.0001,0.9177,1
1416,610.052,1,0.0001,0.9178,1
1417,240.052,1,0.0001,0.9179,1
1418,025.010,1,0.0001,0.9180,1
1419,009.006.003,1,0.0001,0.9181,1
1420,081.006.003,1,0.0001,0.9182,1
1421,013.006.074,1,0.0001,0.9183,1
1422,280.063,1,0.0001,0.9184,1
1423,522.700,1,0.0001,0.9185,1
1424,200.524.077,1,0.0001,0.9185,1
1425,069.000,1,0.0001,0.9186,1
1426,009.042,1,0.0001,0.9187,1
1427,208.063,1,0.0001,0.9188,1
1428,200.006.063,1,0.0001,0.9189,1
1429,005.063,1,0.0001,0.9190,1
1430,040.300,1,0.0001,0.9191,1
1431,206.063,1,0.0001,0.9192,1
1432,086.063,1,0.0001,0.9193,1
1433,722.063,1,0.0001,0.9194,1
1434,201.063,1,0.0001,0.9195,1
1435,061.063.061,1,0.0001,0.9196,1
1436,062.001.063,1,0.0001,0.9197,1
1437,118,1,0.0001,0.9198,1
1438,004.062,1,0.0001,0.9199,1
1439,203.073.006,1,0.0001,0.9199,1
1440,562,1,0.0001,0.9200,1
1441,002.010.009,1,0.0001,0.9201,1
1442,305.047.074,1,0.0001,0.9202,1
1443,300.053,1,0.0001,0.9203,1
1444,022.460,1,0.0001,0.9204,1
1445,300.001.076,1,0.0001,0.9205,1
1446,200.450,1,0.0001,0.9206,1
1447,280.450,1,0.0001,0.9207,1
1448,204.077,1,0.0001,0.9208,1
1449,420.005,1,0.0001,0.9209,1
1450,069.070,1,0.0001,0.9210,1
1451,004.065.004,1,0.0001,0.9211,1
1452,400.005,1,0.0001,0.9212,1
1453,279,1,0.0001,0.9213,1
1454,010.009,1,0.0001,0.9214,1
1455,011.208,1,0.0001,0.9214,1
1456,380.041,1,0.0001,0.9215,1
1457,380.017,1,0.0001,0.9216,1
1458,694,1,0.0001,0.9217,1
1459,073.006.003,1,0.0001,0.9218,1
1460,300.058,1,0.0001,0.9219,1
1461,001.071,1,0.0001,0.9220,1
1462,294,1,0.0001,0.9221,1
1463,002.071,1,0.0001,0.9222,1
1464,047.010.201,1,0.0001,0.9223,1
1465,739.400,1,0.0001,0.9224,1
1466,343,1,0.0001,0.9225,1
1467,600.591.006,1,0.0001,0.9226,1
1468,400.591,1,0.0001,0.9227,1
1469,040.211.003,1,0.0001,0.9228,1
1470,290.095,1,0.0001,0.9228,1
1471,670.711,1,0.0001,0.9229,1
1472,091.711,1,0.0001,0.9230,1
1473,067.010.490,1,0.0001,0.9231,1
1474,245.022,1,0.0001,0.9232,1
1475,063.001,1,0.0001,0.9233,1
1476,163,1,0.0001,0.9234,1
1477,200.070.003,1,0.0001,0.9235,1
1478,308.001,1,0.0001,0.9236,1
1479,047.010,1,0.0001,0.9237,1
1480,028.200,1,0.0001,0.9238,1
1481,172,1,0.0001,0.9239,1
1482,581.011,1,0.0001,0.9240,1
1483,055.010,1,0.0001,0.9241,1
1484,244.077,1,0.0001,0.9242,1
1485,002.108,1,0.0001,0.9242,1
1486,010.110,1,0.0001,0.9243,1
1487,276.076,1,0.0001,0.9244,1
1488,188,1,0.0001,0.9245,1
1489,244.003,1,0.0001,0.9246,1
1490,044.009,1,0.0001,0.9247,1
1491,386.074,1,0.0001,0.9248,1
1492,305.053,1,0.0001,0.9249,1
1493,590.001,1,0.0001,0.9250,1
1494,006.077,1,0.0001,0.9251,1
1495,739.006,1,0.0001,0.9252,1
1496,077.254,1,0.0001,0.9253,1
1497,052.677,1,0.0001,0.9254,1
1498,079.000,1,0.0001,0.9255,1
1499,079.670,1,0.0001,0.9256,1
1500,260.040,1,0.0001,0.9257,1
1501,003.000,1,0.0001,0.9257,1
1502,549,1,0.0001,0.9258,1
1503,095.079,1,0.0001,0.9259,1
1504,602.009,1,0.0001,0.9260,1
1505,069.700,1,0.0001,0.9261,1
1506,602.003,1,0.0001,0.9262,1
1507,093.075,1,0.0001,0.9263,1
1508,062.007,1,0.0001,0.9264,1
1509,320.070,1,0.0001,0.9265,1
1510,290.020,1,0.0001,0.9266,1
1511,022.061,1,0.0001,0.9267,1
1512,731,1,0.0001,0.9268,1
1513,022.370,1,0.0001,0.9269,1
1514,019.069,1,0.0001,0.9270,1
1515,306.124,1,0.0001,0.9271,1
1516,020.008,1,0.0001,0.9271,1
1517,002.109,1,0.0001,0.9272,1
1518,022.291,1,0.0001,0.9273,1
1519,004.124,1,0.0001,0.9274,1
1520,200.010,1,0.0001,0.9275,1
1521,186,1,0.0001,0.9276,1
1522,607.700.076,1,0.0001,0.9277,1
1523,113,1,0.0001,0.9278,1
1524,003.095.003.076,1,0.0001,0.9279,1
1525,033.010.076,1,0.0001,0.9280,1
1526,450.024.000.076,1,0.0001,0.9281,1
1527,006.033,1,0.0001,0.9282,1
1528,607.006.076,1,0.0001,0.9283,1
1529,022.124.076,1,0.0001,0.9284,1
1530,062.001.076,1,0.0001,0.9285,1
1531,086.076,1,0.0001,0.9286,1
1532,722.086,1,0.0001,0.9286,1
1533,674.076,1,0.0001,0.9287,1
1534,452,1,0.0001,0.9288,1
1535,112,1,0.0001,0.9289,1
1536,224.076,1,0.0001,0.9290,1
1537,062.070,1,0.0001,0.9291,1
1538,022.124,1,0.0001,0.9292,1
1539,692.076,1,0.0001,0.9293,1
1540,692,1,0.0001,0.9294,1
1541,525.076,1,0.0001,0.9295,1
1542,044.600.076,1,0.0001,0.9296,1
1543,770.076,1,0.0001,0.9297,1
1544,003.042.076,1,0.0001,0.9298,1
1545,500.069,1,0.0001,0.9299,1
1546,008.600,1,0.0001,0.9300,1
1547,650.076,1,0.0001,0.9300,1
1548,022.062,1,0.0001,0.9301,1
1549,227.033,1,0.0001,0.9302,1
1550,460.077,1,0.0001,0.9303,1
1551,021.070,1,0.0001,0.9304,1
1552,502,1,0.0001,0.9305,1
1553,040.074,1,0.0001,0.9306,1
1554,005.033,1,0.0001,0.9307,1
1555,421.421.008,1,0.0001,0.9308,1
1556,421.421,1,0.0001,0.9309,1
1557,421.048,1,0.0001,0.9310,1
1558,027.330,1,0.0001,0.9311,1
1559,300.300.301,1,0.0001,0.9312,1
1560,630.061.076,1,0.0001,0.9313,1
1561,517.076,1,0.0001,0.9314,1
1562,062.073,1,0.0001,0.9315,1
1563,200.001.008,1,0.0001,0.9315,1
1564,515.076,1,0.0001,0.9316,1
1565,430.076.049.010,1,0.0001,0.9317,1
1566,700.074,1,0.0001,0.9318,1
1567,647,1,0.0001,0.9319,1
1568,380.009,1,0.0001,0.9320,1
1569,006.500.006.500.044,1,0.0001,0.9321,1
1570,380.013,1,0.0001,0.9322,1
1571,048.074,1,0.0001,0.9323,1
1572,512.074.086,1,0.0001,0.9324,1
1573,070.006,1,0.0001,0.9325,1
1574,530.076,1,0.0001,0.9326,1
1575,192,1,0.0001,0.9327,1
1576,700.021,1,0.0001,0.9328,1
1577,086.091.076,1,0.0001,0.9329,1
1578,621.011,1,0.0001,0.9329,1
1579,657.076,1,0.0001,0.9330,1
1580,646,1,0.0001,0.9331,1
1581,207.069,1,0.0001,0.9332,1
1582,009.005,1,0.0001,0.9333,1
1583,050.042.050,1,0.0001,0.9334,1
1584,592.079,1,0.0001,0.9335,1
1585,320.077,1,0.0001,0.9336,1
1586,004.004.206,1,0.0001,0.9337,1
1587,201.003,1,0.0001,0.9338,1
1588,791,1,0.0001,0.9339,1
1589,141.003,1,0.0001,0.9340,1
1590,204.109,1,0.0001,0.9341,1
1591,027.109,1,0.0001,0.9342,1
1592,037.005,1,0.0001,0.9343,1
1593,037.009,1,0.0001,0.9343,1
1594,614,1,0.0001,0.9344,1
1595,600.711,1,0.0001,0.9345,1
1596,020.246,1,0.0001,0.9346,1
1597,042,1,0.0001,0.9347,1
1598,200.081,1,0.0001,0.9348,1
1599,008.200,1,0.0001,0.9349,1
1600,020.440,1,0.0001,0.9350,1
1601,051.003,1,0.0001,0.9351,1
1602,066.090,1,0.0001,0.9352,1
1603,066.009.549,1,0.0001,0.9353,1
1604,066.006.549,1,0.0001,0.9354,1
1605,141.059,1,0.0001,0.9355,1
1606,005.082,1,0.0001,0.9356,1
1607,008.006,1,0.0001,0.9357,1
1608,095.059,1,0.0001,0.9358,1
1609,163.386,1,0.0001,0.9358,1
1610,530.009,1,0.0001,0.9359,1
1611,535.071,1,0.0001,0.9360,1
1612,073.082,1,0.0001,0.9361,1
1613,065.200,1,0.0001,0.9362,1
1614,381.072,1,0.0001,0.9363,1
1615,045.052,1,0.0001,0.9364,1
1616,605.011,1,0.0001,0.9365,1
1617,011.095.003,1,0.0001,0.9366,1
1618,401.009,1,0.0001,0.9367,1
1619,605.041,1,0.0001,0.9368,1
1620,214.090,1,0.0001,0.9369,1
1621,607.062,1,0.0001,0.9370,1
1622,022.246,1,0.0001,0.9371,1
1623,18),1,0.0001,0.9372,1
1624,305.711,1,0.0001,0.9372,1
1625,022.240,1,0.0001,0.9373,1
1626,607.007,1,0.0001,0.9374,1
1627,26),1,0.0001,0.9375,1
1628,624.076,1,0.0001,0.9376,1
1629,400.755.006,1,0.0001,0.9377,1
1630,065.025,1,0.0001,0.9378,1
1631,636,1,0.0001,0.9379,1
1632,36),1,0.0001,0.9380,1
1633,700.062,1,0.0001,0.9381,1
1634,38),1,0.0001,0.9382,1
1635,700.042.003,1,0.0001,0.9383,1
1636,136,1,0.0001,0.9384,1
1637,605.004,1,0.0001,0.9385,1
1638,005.062.144,1,0.0001,0.9386,1
1639,305.009,1,0.0001,0.9387,1
1640,37),1,0.0001,0.9387,1
1641,215.001,1,0.0001,0.9388,1
1642,302.048,1,0.0001,0.9389,1
1643,006.549,1,0.0001,0.9390,1
1644,212.065,1,0.0001,0.9391,1
1645,205.700.061,1,0.0001,0.9392,1
1646,710.052.240.069,1,0.0001,0.9393,1
1647,027.280,1,0.0001,0.9394,1
1648,065.060,1,0.0001,0.9395,1
1649,067.010.107,1,0.0001,0.9396,1
1650,340,1,0.0001,0.9397,1
1651,773.069.344,1,0.0001,0.9398,1
1652,204.346,1,0.0001,0.9399,1
1653,736.093,1,0.0001,0.9400,1
1654,200.202,1,0.0001,0.9401,1
1655,069.048,1,0.0001,0.9401,1
1656,200.560,1,0.0001,0.9402,1
1657,600.532.070,1,0.0001,0.9403,1
1658,600.621.070,1,0.0001,0.9404,1
1659,216.730,1,0.0001,0.9405,1
1660,055.074,1,0.0001,0.9406,1
1661,069.450,1,0.0001,0.9407,1
1662,737.001,1,0.0001,0.9408,1
1663,200.048.010,1,0.0001,0.9409,1
1664,001.240.050,1,0.0001,0.9410,1
1665,381.549,1,0.0001,0.9411,1
1666,205.549,1,0.0001,0.9412,1
1667,069.385,1,0.0001,0.9413,1
1668,086.078,1,0.0001,0.9414,1
1669,344.078,1,0.0001,0.9415,1
1670,384.078.078,1,0.0001,0.9416,1
1671,605.009.549,1,0.0001,0.9416,1
1672,466.048,1,0.0001,0.9417,1
1673,044.099.490,1,0.0001,0.9418,1
1674,048.207,1,0.0001,0.9419,1
1675,226.041,1,0.0001,0.9420,1
1676,450.600,1,0.0001,0.9421,1
1677,537.280,1,0.0001,0.9422,1
1678,010.001.244,1,0.0001,0.9423,1
1679,370.093,1,0.0001,0.9424,1
1680,001.244,1,0.0001,0.9425,1
1681,279.074,1,0.0001,0.9426,1
1682,279.290,1,0.0001,0.9427,1
1683,294.074,1,0.0001,0.9428,1
1684,330.330.002,1,0.0001,0.9429,1
1685,230.450,1,0.0001,0.9430,1
1686,010.700.061,1,0.0001,0.9430,1
1687,061.050,1,0.0001,0.9431,1
1688,061.380,1,0.0001,0.9432,1
1689,061.062.001,1,0.0001,0.9433,1
1690,200.060,1,0.0001,0.9434,1
1691,324.711.711,1,0.0001,0.9435,1
1692,200.571,1,0.0001,0.9436,1
1693,571.010,1,0.0001,0.9437,1
1694,600.078,1,0.0001,0.9438,1
1695,381.078,1,0.0001,0.9439,1
1696,200.077,1,0.0001,0.9440,1
1697,559,1,0.0001,0.9441,1
1698,029.061,1,0.0001,0.9442,1
1699,030.068,1,0.0001,0.9443,1
1700,035.043,1,0.0001,0.9444,1
1701,059.005,1,0.0001,0.9444,1
1702,062.067,1,0.0001,0.9445,1
1703,048.042,1,0.0001,0.9446,1
1704,011.042,1,0.0001,0.9447,1
1705,041.074,1,0.0001,0.9448,1
1706,040.062,1,0.0001,0.9449,1
1707,260.036,1,0.0001,0.9450,1
1708,470.050,1,0.0001,0.9451,1
1709,050.061,1,0.0001,0.9452,1
1710,578.028,1,0.0001,0.9453,1
1711,017.009,1,0.0001,0.9454,1
1712,208.001,1,0.0001,0.9455,1
1713,254.071,1,0.0001,0.9456,1
1714,220.004.064,1,0.0001,0.9457,1
1715,220.132,1,0.0001,0.9458,1
1716,064.090,1,0.0001,0.9459,1
1717,012.076,1,0.0001,0.9459,1
1718,064.700.071,1,0.0001,0.9460,1
1719,308.006,1,0.0001,0.9461,1
1720,698,1,0.0001,0.9462,1
1721,298.076,1,0.0001,0.9463,1
1722,380.380,1,0.0001,0.9464,1
1723,087.076,1,0.0001,0.9465,1
1724,046.076,1,0.0001,0.9466,1
1725,390.076,1,0.0001,0.9467,1
1726,320.009.076,1,0.0001,0.9468,1
1727,300.071,1,0.0001,0.9469,1
1728,295.076,1,0.0001,0.9470,1
1729,633.062.076,1,0.0001,0.9471,1
1730,698.076,1,0.0001,0.9472,1
1731,011.678,1,0.0001,0.9473,1
1732,071.010,1,0.0001,0.9473,1
1733,021.049,1,0.0001,0.9474,1
1734,384.076,1,0.0001,0.9475,1
1735,072.062,1,0.0001,0.9476,1
1736,567.076,1,0.0001,0.9477,1
1737,570.591,1,0.0001,0.9478,1
1738,157,1,0.0001,0.9479,1
1739,455,1,0.0001,0.9480,1
1740,600.090.076,1,0.0001,0.9481,1
1741,497,1,0.0001,0.9482,1
1742,147,1,0.0001,0.9483,1
1743,225.076,1,0.0001,0.9484,1
1744,274,1,0.0001,0.9485,1
1745,006.072.006,1,0.0001,0.9486,1
1746,095.011,1,0.0001,0.9487,1
1747,690.090,1,0.0001,0.9488,1
1748,385.076,1,0.0001,0.9488,1
1749,676,1,0.0001,0.9489,1
1750,018,1,0.0001,0.9490,1
1751,049.071,1,0.0001,0.9491,1
1752,051.076,1,0.0001,0.9492,1
1753,099.071,1,0.0001,0.9493,1
1754,146.076,1,0.0001,0.9494,1
1755,600.000,1,0.0001,0.9495,1
1756,066.076,1,0.0001,0.9496,1
1757,090.003,1,0.0001,0.9497,1
1758,244.076,1,0.0001,0.9498,1
1759,073.006.071,1,0.0001,0.9499,1
1760,381.052,1,0.0001,0.9500,1
1761,490.022,1,0.0001,0.9501,1
1762,020.052.076,1,0.0001,0.9502,1
1763,451.003.076,1,0.0001,0.9502,1
1764,600.090,1,0.0001,0.9503,1
1765,090.092,1,0.0001,0.9504,1
1766,087.078,1,0.0001,0.9505,1
1767,295,1,0.0001,0.9506,1
1768,185,1,0.0001,0.9507,1
1769,606.076.000,1,0.0001,0.9508,1
1770,146.490.000,1,0.0001,0.9509,1
1771,021.290.076,1,0.0001,0.9510,1
1772,071.078,1,0.0001,0.9511,1
1773,530.022,1,0.0001,0.9512,1
1774,728,1,0.0001,0.9513,1
1775,146.053,1,0.0001,0.9514,1
1776,090.109,1,0.0001,0.9515,1
1777,633.062,1,0.0001,0.9516,1
1778,071.072.076,1,0.0001,0.9517,1
1779,496,1,0.0001,0.9517,1
1780,062.047,1,0.0001,0.9518,1
1781,534.064,1,0.0001,0.9519,1
1782,723.076,1,0.0001,0.9520,1
1783,061.048.061,1,0.0001,0.9521,1
1784,076.678,1,0.0001,0.9522,1
1785,073.066,1,0.0001,0.9523,1
1786,006.022.076,1,0.0001,0.9524,1
1787,300.032,1,0.0001,0.9525,1
1788,634,1,0.0001,0.9526,1
1789,148.076,1,0.0001,0.9527,1
1790,639,1,0.0001,0.9528,1
1791,146.010,1,0.0001,0.9529,1
1792,632,1,0.0001,0.9530,1
1793,158,1,0.0001,0.9531,1
1794,008.007,1,0.0001,0.9531,1
1795,530.109,1,0.0001,0.9532,1
1796,712,1,0.0001,0.9533,1
1797,458,1,0.0001,0.9534,1
1798,071.183,1,0.0001,0.9535,1
1799,600.530,1,0.0001,0.9536,1
1800,071.071,1,0.0001,0.9537,1
1801,076.073,1,0.0001,0.9538,1
1802,570.069,1,0.0001,0.9539,1
1803,141.076,1,0.0001,0.9540,1
1804,021.095,1,0.0001,0.9541,1
1805,220.076,1,0.0001,0.9542,1
1806,021.092.071,1,0.0001,0.9543,1
1807,008.076,1,0.0001,0.9544,1
1808,142,1,0.0001,0.9545,1
1809,076.490,1,0.0001,0.9545,1
1810,194.076,1,0.0001,0.9546,1
1811,518,1,0.0001,0.9547,1
1812,084.076,1,0.0001,0.9548,1
1813,073.490,1,0.0001,0.9549,1
1814,041.062,1,0.0001,0.9550,1
1815,420.006,1,0.0001,0.9551,1
1816,050.042,1,0.0001,0.9552,1
1817,445.076,1,0.0001,0.9553,1
1818,514.076,1,0.0001,0.9554,1
1819,071.070,1,0.0001,0.9555,1
1820,532.070,1,0.0001,0.9556,1
1821,499.062.076,1,0.0001,0.9557,1
1822,095.076,1,0.0001,0.9558,1
1823,004.064.076,1,0.0001,0.9559,1
1824,062.076,1,0.0001,0.9560,1
1825,503.076,1,0.0001,0.9560,1
1826,472.076,1,0.0001,0.9561,1
1827,050.076,1,0.0001,0.9562,1
1828,177,1,0.0001,0.9563,1
1829,519,1,0.0001,0.9564,1
1830,006.006,1,0.0001,0.9565,1
1831,001.037,1,0.0001,0.9566,1
1832,150.076,1,0.0001,0.9567,1
1833,790.076,1,0.0001,0.9568,1
1834,061.000.076,1,0.0001,0.9569,1
1835,240.240.244,1,0.0001,0.9570,1
1836,176,1,0.0001,0.9571,1
1837,504.076,1,0.0001,0.9572,1
1838,741.076,1,0.0001,0.9573,1
1839,006.048.006,1,0.0001,0.9574,1
1840,069.074,1,0.0001,0.9574,1
1841,047.010.076,1,0.0001,0.9575,1
1842,021.095.076,1,0.0001,0.9576,1
1843,006.048.010,1,0.0001,0.9577,1
1844,074.076,1,0.0001,0.9578,1
1845,075.076,1,0.0001,0.9579,1
1846,179,1,0.0001,0.9580,1
1847,073.006.076.075,1,0.0001,0.9581,1
1848,020.076,1,0.0001,0.9582,1
1849,340.027.075,1,0.0001,0.9583,1
1850,061.700.061,1,0.0001,0.9584,1
1851,021.069,1,0.0001,0.9585,1
1852,208.010,1,0.0001,0.9586,1
1853,090.076.000.076,1,0.0001,0.9587,1
1854,379.076,1,0.0001,0.9588,1
1855,509.009,1,0.0001,0.9589,1
1856,506,1,0.0001,0.9589,1
1857,582.076,1,0.0001,0.9590,1
1858,184,1,0.0001,0.9591,1
1859,396.076,1,0.0001,0.9592,1
1860,736.076,1,0.0001,0.9593,1
1861,532.042,1,0.0001,0.9594,1
1862,314,1,0.0001,0.9595,1
1863,526.076,1,0.0001,0.9596,1
1864,320.069,1,0.0001,0.9597,1
1865,021.700.076,1,0.0001,0.9598,1
1866,189,1,0.0001,0.9599,1
1867,095.037.076,1,0.0001,0.9600,1
1868,155,1,0.0001,0.9601,1
1869,195.076,1,0.0001,0.9602,1
1870,466.076,1,0.0001,0.9603,1
1871,065.076,1,0.0001,0.9603,1
1872,040.076,1,0.0001,0.9604,1
1873,081.076,1,0.0001,0.9605,1
1874,074.000.074.076,1,0.0001,0.9606,1
1875,092.005.076,1,0.0001,0.9607,1
1876,010.005.076,1,0.0001,0.9608,1
1877,540.076,1,0.0001,0.9609,1
1878,002.076.077,1,0.0001,0.9610,1
1879,020.007,1,0.0001,0.9611,1
1880,010.047.076,1,0.0001,0.9612,1
1881,522.071,1,0.0001,0.9613,1
1882,547.076,1,0.0001,0.9614,1
1883,055.490,1,0.0001,0.9615,1
1884,047.076,1,0.0001,0.9616,1
1885,011.069,1,0.0001,0.9617,1
1886,693.076,1,0.0001,0.9618,1
1887,009.090,1,0.0001,0.9618,1
1888,008.007.076,1,0.0001,0.9619,1
1889,379.051,1,0.0001,0.9620,1
1890,029.069,1,0.0001,0.9621,1
1891,209.209,1,0.0001,0.9622,1
1892,076.011,1,0.0001,0.9623,1
1893,026.076,1,0.0001,0.9624,1
1894,006.700.076,1,0.0001,0.9625,1
1895,050.090,1,0.0001,0.9626,1
1896,011.440.076,1,0.0001,0.9627,1
1897,670.000,1,0.0001,0.9628,1
1898,006.071,1,0.0001,0.9629,1
1899,099.090,1,0.0001,0.9630,1
1900,406.009,1,0.0001,0.9631,1
1901,064.700.071.076,1,0.0001,0.9632,1
1902,591.076,1,0.0001,0.9632,1
1903,619,1,0.0001,0.9633,1
1904,536.076,1,0.0001,0.9634,1
1905,020.010.076,1,0.0001,0.9635,1
1906,062.050,1,0.0001,0.9636,1
1907,006.700.006,1,0.0001,0.9637,1
1908,006.048.076,1,0.0001,0.9638,1
1909,072.006,1,0.0001,0.9639,1
1910,010.511,1,0.0001,0.9640,1
1911,600.071,1,0.0001,0.9641,1
1912,006.074.076,1,0.0001,0.9642,1
1913,696.076,1,0.0001,0.9643,1
1914,504,1,0.0001,0.9644,1
1915,070.062.071,1,0.0001,0.9645,1
1916,178.071,1,0.0001,0.9646,1
1917,376.076,1,0.0001,0.9646,1
1918,400.076,1,0.0001,0.9647,1
1919,400.600,1,0.0001,0.9648,1
1920,207.076,1,0.0001,0.9649,1
1921,107.076,1,0.0001,0.9650,1
1922,596.076,1,0.0001,0.9651,1
1923,726.077,1,0.0001,0.9652,1
1924,600.326,1,0.0001,0.9653,1
1925,522.088,1,0.0001,0.9654,1
1926,700.400,1,0.0001,0.9655,0
1927,409,1,0.0001,0.9656,0
1928,380.022,1,0.0001,0.9657,0
1929,090.001,1,0.0001,0.9658,0
1930,528,1,0.0001,0.9659,0
1931,003.246.003,1,0.0001,0.9660,0
1932,002.450,1,0.0001,0.9661,0
1933,306.700,1,0.0001,0.9661,0
1934,380.048,1,0.0001,0.9662,1
1935,545.678,1,0.0001,0.9663,1
1936,002.678,1,0.0001,0.9664,1
1937,079.051,1,0.0001,0.9665,1
1938,691,1,0.0001,0.9666,1
1939,004.000,1,0.0001,0.9667,1
1940,445.026,1,0.0001,0.9668,1
1941,034.009,1,0.0001,0.9669,1
1942,201.001,1,0.0001,0.9670,1
1943,001.711,1,0.0001,0.9671,1
1944,584,1,0.0001,0.9672,1
1945,300.070,1,0.0001,0.9673,1
1946,739.060,1,0.0001,0.9674,1
1947,062.064.009,1,0.0001,0.9675,1
1948,010.022,1,0.0001,0.9675,1
1949,202.052,1,0.0001,0.9676,1
1950,280.700,1,0.0001,0.9677,1
1951,006.500,1,0.0001,0.9678,1
1952,208.070,1,0.0001,0.9679,1
1953,244.052,1,0.0001,0.9680,1
1954,073.061,1,0.0001,0.9681,1
1955,300.062.064,1,0.0001,0.9682,1
1956,065.062,1,0.0001,0.9683,1
1957,324.003,1,0.0001,0.9684,1
1958,005.000,1,0.0001,0.9685,1
1959,022.037,1,0.0001,0.9686,1
1960,204.108,1,0.0001,0.9687,1
1961,037.001,1,0.0001,0.9688,1
1962,006.009.006,1,0.0001,0.9689,1
1963,001.200.009,1,0.0001,0.9690,0
1964,577,1,0.0001,0.9690,0
1965,356.003,1,0.0001,0.9691,0
1966,009.244,1,0.0001,0.9692,0
1967,050.050,1,0.0001,0.9693,0
1968,076.244,1,0.0001,0.9694,0
1969,349,1,0.0001,0.9695,0
1970,304.078,1,0.0001,0.9696,0
1971,675.600.700,1,0.0001,0.9697,0
1972,061.042.003,1,0.0001,0.9698,0
1973,095.006,1,0.0001,0.9699,0
1974,095.006.003,1,0.0001,0.9700,0
1975,095.003,1,0.0001,0.9701,0
1976,247.095.003,1,0.0001,0.9702,0
1977,003.205,1,0.0001,0.9703,0
1978,450.010,1,0.0001,0.9704,0
1979,003.420,1,0.0001,0.9704,0
1980,480.004.003,1,0.0001,0.9705,0
1981,360.001.260,1,0.0001,0.9706,0
1982,456.003,1,0.0001,0.9707,0
1983,455.008,1,0.0001,0.9708,0
1984,455.003.030,1,0.0001,0.9709,0
1985,048.117.071,1,0.0001,0.9710,0
1986,062,1,0.0001,0.9711,0
1987,052.009,1,0.0001,0.9712,0
1988,021.043,1,0.0001,0.9713,0
1989,065.006,1,0.0001,0.9714,0
1990,010.048,1,0.0001,0.9715,0
1991,060.052,1,0.0001,0.9716,0
1992,200.008,1,0.0001,0.9717,0
1993,208.004.064,1,0.0001,0.9718,0
1994,066.095,1,0.0001,0.9719,0
1995,066.049.066,1,0.0001,0.9719,0
1996,386.008,1,0.0001,0.9720,0
1997,008.061,1,0.0001,0.9721,0
1998,005.008,1,0.0001,0.9722,0
1999,008.006.015,1,0.0001,0.9723,0
2000,015.034,1,0.0001,0.9724,0
2001,060.036.200,1,0.0001,0.9725,0
2002,004.004.007,1,0.0001,0.9726,0
2003,001.082,1,0.0001,0.9727,0
2004,073.306,1,0.0001,0.9728,0
2005,330.027.003,1,0.0001,0.9729,0
2006,010.064,1,0.0001,0.9730,0
2007,206.711,1,0.0001,0.9731,0
2008,520.009,1,0.0001,0.9732,0
2009,040.522.069,1,0.0001,0.9733,0
2010,083.530.071,1,0.0001,0.9733,0
2011,010.200,1,0.0001,0.9734,0
2012,005.548,1,0.0001,0.9735,0
2013,046.052,1,0.0001,0.9736,0
2014,609.063,1,0.0001,0.9737,0
2015,600.022,1,0.0001,0.9738,0
2016,004.010,1,0.0001,0.9739,0
2017,600.132,1,0.0001,0.9740,0
2018,206.090,1,0.0001,0.9741,0
2019,246.074,1,0.0001,0.9742,0
2020,002.760.052,1,0.0001,0.9743,0
2021,004.064.003,1,0.0001,0.9744,0
2022,005.064,1,0.0001,0.9745,0
2023,281.001.095.003,1,0.0001,0.9746,0
2024,403,1,0.0001,0.9747,0
2025,001.064,1,0.0001,0.9747,0
2026,064.670,1,0.0001,0.9748,0
2027,200.074,1,0.0001,0.9749,0
2028,040.220.048,1,0.0001,0.9750,0
2029,433,1,0.0001,0.9751,0
2030,666.010.064.671,1,0.0001,0.9752,0
2031,405.755.006,1,0.0001,0.9753,0
2032,065.001,1,0.0001,0.9754,0
2033,300.700,1,0.0001,0.9755,0
2034,600.001.600,1,0.0001,0.9756,0
2035,198,1,0.0001,0.9757,0
2036,078.245,1,0.0001,0.9758,0
2037,710.042.003,1,0.0001,0.9759,0
2038,451.064,1,0.0001,0.9760,0
2039,450.540,1,0.0001,0.9761,0
2040,061.009.061,1,0.0001,0.9762,0
2041,300.009,1,0.0001,0.9762,0
2042,009.066,1,0.0001,0.9763,0
2043,021.048,1,0.0001,0.9764,0
2044,578,1,0.0001,0.9765,0
2045,025.300.009,1,0.0001,0.9766,0
2046,048.081,1,0.0001,0.9767,0
2047,311.048.210.600,1,0.0001,0.9768,0
2048,607.006.078,1,0.0001,0.9769,0
2049,202.065,1,0.0001,0.9770,0
2050,095.549,1,0.0001,0.9771,0
2051,088.062,1,0.0001,0.9772,0
2052,107.008,1,0.0001,0.9773,0
2053,475,1,0.0001,0.9774,0
2054,205.081,1,0.0001,0.9775,0
2055,710.069,1,0.0001,0.9776,0
2056,049.062,1,0.0001,0.9776,0
2057,206.346.730.095.246,1,0.0001,0.9777,0
2058,200.206,1,0.0001,0.9778,0
2059,200.063.000,1,0.0001,0.9779,0
2060,069.049,1,0.0001,0.9780,0
2061,300.451,1,0.0001,0.9781,0
2062,200.600.069,1,0.0001,0.9782,0
2063,200.560.070,1,0.0001,0.9783,0
2064,600.070,1,0.0001,0.9784,0
2065,021.063,1,0.0001,0.9785,0
2066,200.049.010,1,0.0001,0.9786,0
2067,200.049.400,1,0.0001,0.9787,0
2068,200.021.003.003,1,0.0001,0.9788,0
2069,200.710,1,0.0001,0.9789,0
2070,001.200.050,1,0.0001,0.9790,0
2071,022.242,1,0.0001,0.9791,0
2072,043.246.045.711,1,0.0001,0.9791,0
2073,565.380,1,0.0001,0.9792,0
2074,200.440,1,0.0001,0.9793,0
2075,203.021,1,0.0001,0.9794,0
2076,009.074,1,0.0001,0.9795,0
2077,010.006,1,0.0001,0.9796,0
2078,260.060,1,0.0001,0.9797,0
2079,405.009,1,0.0001,0.9798,0
2080,045.277,1,0.0001,0.9799,0
2081,450.450.600,1,0.0001,0.9800,0
2082,534.280,1,0.0001,0.9801,0
2083,010.001.254,1,0.0001,0.9802,0
2084,001.246,1,0.0001,0.9803,0
2085,004.381,1,0.0001,0.9804,0
2086,002.010.245,1,0.0001,0.9805,0
2087,002.010.244.013,1,0.0001,0.9805,0
2088,381.002.010,1,0.0001,0.9806,0
2089,106,1,0.0001,0.9807,0
2090,604,1,0.0001,0.9808,0
2091,048.064,1,0.0001,0.9809,0
2092,330.330.020,1,0.0001,0.9810,0
2093,332.450,1,0.0001,0.9811,0
2094,233,1,0.0001,0.9812,0
2095,473,1,0.0001,0.9813,0
2096,010.065.061,1,0.0001,0.9814,0
2097,006.050,1,0.0001,0.9815,0
2098,397.341,1,0.0001,0.9816,0
2099,401.394,1,0.0001,0.9817,0
2100,022.200.060,1,0.0001,0.9818,0
2101,356.076,1,0.0001,0.9819,0
2102,324.711,1,0.0001,0.9820,0
2103,200.204,1,0.0001,0.9820,0
2104,069.010,1,0.0001,0.9821,0
2105,384.078,1,0.0001,0.9822,0
2106,084.004,1,0.0001,0.9823,0
2107,592.078,1,0.0001,0.9824,0
2108,200.001.360.001,1,0.0001,0.9825,0
2109,782,1,0.0001,0.9826,0
2110,001.006.711,1,0.0001,0.9827,0
2111,710.030,1,0.0001,0.9828,0
2112,060.001.069,1,0.0001,0.9829,0
2113,065.022,1,0.0001,0.9830,0
2114,066.095.711,1,0.0001,0.9831,0
2115,067.057,1,0.0001,0.9832,0
2116,11),1,0.0001,0.9833,0
2117,205.071,1,0.0001,0.9834,0
2118,065.008,1,0.0001,0.9834,0
2119,076.200,1,0.0001,0.9835,0
2120,045.027,1,0.0001,0.9836,0
2121,411,1,0.0001,0.9837,0
2122,400.011,1,0.0001,0.9838,0
2123,400.009,1,0.0001,0.9839,0
2124,050.074,1,0.0001,0.9840,0
2125,380.074,1,0.0001,0.9841,0
2126,200.020,1,0.0001,0.9842,0
2127,600.755.006,1,0.0001,0.9843,0
2128,300.710,1,0.0001,0.9844,0
2129,710.062,1,0.0001,0.9845,0
2130,141.245,1,0.0001,0.9846,0
2131,045.010,1,0.0001,0.9847,0
2132,693.064,1,0.0001,0.9848,0
2133,067.067,1,0.0001,0.9848,0
2134,067.450,1,0.0001,0.9849,0
2135,336,1,0.0001,0.9850,0
2136,710.003.042,1,0.0001,0.9851,0
2137,320.011,1,0.0001,0.9852,0
2138,540.450,1,0.0001,0.9853,0
2139,021.042,1,0.0001,0.9854,0
2140,062.009.061,1,0.0001,0.9855,0
2141,739.064.003,1,0.0001,0.9856,0
2142,300.117.003,1,0.0001,0.9857,0
2143,069.010.578,1,0.0001,0.9858,0
2144,048.008,1,0.0001,0.9859,0
2145,078.308.034,1,0.0001,0.9860,0
2146,380.020.385,1,0.0001,0.9861,0
2147,381.065,1,0.0001,0.9862,0
2148,301.048.008,1,0.0001,0.9863,0
2149,300.736,1,0.0001,0.9863,0
2150,067.010.062,1,0.0001,0.9864,0
2151,083.069,1,0.0001,0.9865,0
2152,304.346,1,0.0001,0.9866,0
2153,200.222,1,0.0001,0.9867,0
2154,380.126,1,0.0001,0.9868,0
2155,001.240.132,1,0.0001,0.9869,0
2156,381.042,1,0.0001,0.9870,0
2157,200.200.200.200,1,0.0001,0.9871,1
2158,600.560.600,1,0.0001,0.9872,1
2159,631.048,1,0.0001,0.9873,1
2160,468,1,0.0001,0.9874,1
2161,049.200,1,0.0001,0.9875,1
2162,050.266,1,0.0001,0.9876,1
2163,153.077,1,0.0001,0.9877,1
2164,206.075,1,0.0001,0.9877,1
2165,306.109,1,0.0001,0.9878,1
2166,301.003,1,0.0001,0.9879,1
2167,004.064.254.004.064,1,0.0001,0.9880,1
2168,450.003,1,0.0001,0.9881,1
2169,044.607,1,0.0001,0.9882,1
2170,001.200.001,1,0.0001,0.9883,1
2171,616,1,0.0001,0.9884,1
2172,630.069,1,0.0001,0.9885,1
2173,610.700,1,0.0001,0.9886,1
2174,735.055,1,0.0001,0.9887,1
2175,206.037,1,0.0001,0.9888,1
2176,306.037,1,0.0001,0.9889,1
2177,642,1,0.0001,0.9890,1
2178,043.001,1,0.0001,0.9891,1
2179,506.022,1,0.0001,0.9892,1
2180,062.522,1,0.0001,0.9892,1
2181,244.001,1,0.0001,0.9893,1
2182,682,1,0.0001,0.9894,1
2183,256.075,1,0.0001,0.9895,1
2184,600.058,1,0.0001,0.9896,1
2185,722,1,0.0001,0.9897,1
2186,170.003,1,0.0001,0.9898,1
2187,049.049,1,0.0001,0.9899,1
2188,049.048,1,0.0001,0.9900,1
2189,003.065.003,1,0.0001,0.9901,1
2190,074.001,1,0.0001,0.9902,1
2191,003.004.003,1,0.0001,0.9903,1
2192,252.003,1,0.0001,0.9904,1
2193,200.069.109,1,0.0001,0.9905,1
2194,116.003,1,0.0001,0.9906,1
2195,244.002,1,0.0001,0.9906,1
2196,127,1,0.0001,0.9907,1
2197,127.762,1,0.0001,0.9908,1
2198,25),1,0.0001,0.9909,1
2199,739.022,1,0.0001,0.9910,1
2200,015.063.003,1,0.0001,0.9911,1
2201,067.490,1,0.0001,0.9912,1
2202,700.678,1,0.0001,0.9913,1
2203,056.003,1,0.0001,0.9914,1
2204,209.260.001,1,0.0001,0.9915,1
2205,260.001.010,1,0.0001,0.9916,1
2206,001.260,1,0.0001,0.9917,1
2207,001.246.069,1,0.0001,0.9918,1
2208,062.000,1,0.0001,0.9919,1
2209,200.059,1,0.0001,0.9920,1
2210,555,1,0.0001,0.9921,1
2211,062.009,1,0.0001,0.9921,1
2212,001.260.001,1,0.0001,0.9922,1
2213,062.001.062,1,0.0001,0.9923,1
2214,100.062,1,0.0001,0.9924,1
2215,016.062,1,0.0001,0.9925,1
2216,035.059.055,1,0.0001,0.9926,1
2217,010.055,1,0.0001,0.9927,1
2218,510.055,1,0.0001,0.9928,1
2219,354,1,0.0001,0.9929,1
2220,576.003,1,0.0001,0.9930,1
2221,540.001,1,0.0001,0.9931,1
2222,522.003,1,0.0001,0.9932,1
2223,022.003,1,0.0001,0.9933,1
2224,006.074.003,1,0.0001,0.9934,1
2225,145.003,1,0.0001,0.9935,1
2226,432.002,1,0.0001,0.9935,1
2227,102.003,1,0.0001,0.9936,1
2228,001.600.077.077,1,0.0001,0.9937,1
2229,660.000,1,0.0001,0.9938,1
2230,400.052,1,0.0001,0.9939,1
2231,660.021,1,0.0001,0.9940,1
2232,069.003,1,0.0001,0.9941,1
2233,356.356,1,0.0001,0.9942,1
2234,019.061.052,1,0.0001,0.9943,1
2235,006.000,1,0.0001,0.9944,1
2236,760.002,1,0.0001,0.9945,1
2237,060.711,1,0.0001,0.9946,1
2238,305.055,1,0.0001,0.9947,1
2239,730.055,1,0.0001,0.9948,1
2240,069.000.069,1,0.0001,0.9949,1
2241,025.076,1,0.0001,0.9949,1
2242,587,1,0.0001,0.9950,1
2243,025.200,1,0.0001,0.9951,1
2244,010.205,1,0.0001,0.9952,1
2245,270.001,1,0.0001,0.9953,1
2246,010,1,0.0001,0.9954,1
2247,091.206.052,1,0.0001,0.9955,1
2248,300.091.052,1,0.0001,0.9956,1
2249,001.635,1,0.0001,0.9957,1
2250,450.086,1,0.0001,0.9958,1
2251,510.007,1,0.0001,0.9959,1
2252,010.001.011,1,0.0001,0.9960,1
2253,200.200.010.055,1,0.0001,0.9961,1
2254,660.661,1,0.0001,0.9962,1
2255,308.280,1,0.0001,0.9963,1
2256,011.074,1,0.0001,0.9964,1
2257,069.720,1,0.0001,0.9964,1
2258,203.003,1,0.0001,0.9965,1
2259,226.000,1,0.0001,0.9966,1
2260,400.024,1,0.0001,0.9967,1
2261,510.027.430,1,0.0001,0.9968,1
2262,510.027,1,0.0001,0.9969,1
2263,200.042.032,1,0.0001,0.9970,1
2264,605.069,1,0.0001,0.9971,1
2265,090.021,1,0.0001,0.9972,1
2266,400.400,1,0.0001,0.9973,1
2267,049.003,1,0.0001,0.9974,1
2268,301.042,1,0.0001,0.9975,1
2269,200.032.037,1,0.0001,0.9976,1
2270,090.090,1,0.0001,0.9977,1
2271,510.030,1,0.0001,0.9978,1
2272,299.450,1,0.0001,0.9978,1
2273,061.047.061,1,0.0001,0.9979,1
2274,001.290,1,0.0001,0.9980,1
2275,638.006.075,1,0.0001,0.9981,1
2276,033.260.036,1,0.0001,0.9982,1
2277,070.002.074,1,0.0001,0.9983,1
2278,625,1,0.0001,0.9984,1
2279,256.074,1,0.0001,0.9985,1
2280,50),1,0.0001,0.9986,1
2281,322.076,1,0.0001,0.9987,1
2282,126.076,1,0.0001,0.9988,1
2283,380.070,1,0.0001,0.9989,1
2284,405.076,1,0.0001,0.9990,1
2285,542,1,0.0001,0.9991,1
2286,530.722,1,0.0001,0.9992,1
2287,420.076,1,0.0001,0.9993,1
2288,076.069,1,0.0001,0.9993,1
2289,405.300.076,1,0.0001,0.9994,1
2290,209.076,1,0.0001,0.9995,1
2291,535.076,1,0.0001,0.9996,1
2292,073.010,1,0.0001,0.9997,1
2293,065.006.003,1,0.0001,0.9998,1
2294,061.061,1,0.0001,0.9999,1
2295,30),1,0.0001,1.0000,1
