headword,syllables,source,gloss
mei,2,Churchill/Roussel,"a,  from  that  place,  thence,  hence,"
aa,2,Churchill/Roussel,"cascade,  flood,  to  inundate."
aaki,3,Churchill/Roussel,"to  affirm,  to  assure,  to  avow,  to  confess,"
tae,2,Churchill/Roussel,"aaki,  discreet,  to  deny."
aana,3,Churchill/Roussel,his.
poki,2,Churchill/Roussel,"aana,  legitimate  child."
aanu,3,Churchill/Roussel,"saliva,  spittle,  to  spit."
aaru,3,Churchill/Roussel,to  raise.
aati,3,Churchill/Roussel,to  imitate.
aha,2,Churchill/Roussel,"which,  what."
ma,1,Churchill/Roussel,"aha,  no  te  aha,  ei  aha,  on  account"
range,2,Churchill/Roussel,of  the  Melanesian  forms  of  the  neuter
mutation,4,Churchill/Roussel,in  the  unaccented  syllable  which
ahatu,3,Churchill/Roussel,to  stretch  out.
moe,2,Churchill/Roussel,"vae  ahatu,  to  lie  with  the  legs"
ahau,3,Churchill/Roussel,a  scar.
ahe,2,Churchill/Roussel,"migraine,  headache,     (eahe.)"
aea,3,Churchill/Roussel,form  of  Mangareva  is  repeated  in
ahere,3,Churchill/Roussel,"koroiti,  to  run  lightly."
rava,2,Churchill/Roussel,"ahere,  agile,  without  fixed  abode,"
ahi,2,Churchill/Roussel,"hakapura,  match."
ahiahi,4,Churchill/Roussel,"afternoon,  night."
kai,2,Churchill/Roussel,"ahiahi,  supper."
ki,1,Churchill/Roussel,"aho,  out  of  doors,  outside."
tokerau,4,Churchill/Roussel,"aho,  west."
ahu,2,Churchill/Roussel,"to  transfer,  to  transplant,  to  take  up"
ahuahu,4,Churchill/Roussel,"to  swell,  plump,  elephantiasis,"
vai,2,Churchill/Roussel,"in  the  Paumotu  and  Tahiti,  wai  in"
ai,2,Churchill/Roussel,then.
aia,3,Churchill/Roussel,look!
ainara,4,Churchill/Roussel,"here,  ready  to,  to  place."
aita,3,Churchill/Roussel,no.
aite,3,Churchill/Roussel,"to  represent  (a  causative,  ite),  (haite)."
aka,2,Churchill/Roussel,root.
akarau,4,Churchill/Roussel,"to  bite  at  the  hook,  to  nibble."
akari,3,Churchill/Roussel,"aspect,  physiognomy,  stature,  matter."
akatari,4,Churchill/Roussel,"gift,  pledge,  to  recompense,  to  ran-"
kanoho,3,Churchill/Roussel,to  set  in  order.
akatarika,5,Churchill/Roussel,gain.
akoako,4,Churchill/Roussel,"to  learn,  to  teach,  to  undertake,  to"
aku,2,Churchill/Roussel,ball.
akuaku,4,Churchill/Roussel,noise  when  swallowing.
amo,2,Churchill/Roussel,"a  yoke,  to  carry."
amoamo,4,Churchill/Roussel,"to  feed,  to  graze."
amokio,4,Churchill/Roussel,together.
ana,2,Churchill/Roussel,"cave,  grotto,  hole  in  the  rock."
mee,2,Churchill/Roussel,"koe  ana  ie  ariki,  the  Lord  be  with"
anake,3,Churchill/Roussel,unique.
piri,2,Churchill/Roussel,"mai  te  tagata  ananake,  public."
koona,3,Churchill/Roussel,"ananake,  everywhere."
anani,3,Churchill/Roussel,orange.
orange,3,Churchill/Roussel,would  more  readily  become  oragi.  .
aniani,4,Churchill/Roussel,onion.
anio,3,Churchill/Roussel,lamb  {agneau).
anoano,4,Churchill/Roussel,abyss.
topa,2,Churchill/Roussel,kia  in  te  ao  reign.
hakatopa,4,Churchill/Roussel,"ki  te  ao,  to  confer  rank."
ka,1,Churchill/Roussel,"tu  tokoe  aho,  thy  kingdom  come."
aomai,4,Churchill/Roussel,to  proceed.
apaihoru,5,Churchill/Roussel,"taiiiaroa,  buck."
api,2,Churchill/Roussel,"sluice,  bung."
apitaht,3,Churchill/Roussel,"to  serve,  sers'iceable."
apo,2,Churchill/Roussel,"to-morrow,  the  next  night,   (o  8-/>o)."
apoera,4,Churchill/Roussel,"o  te  po  nei,  to-morrow."
ara,2,Churchill/Roussel,"path,  trail,  road,  way."
veve,2,Churchill/Roussel,"ara,  to  awaken."
araha,3,Churchill/Roussel,"araha  hauha,  to  wait  for,  to  look  for-"
arakea,4,Churchill/Roussel,"abscess,  bubo,  boil,  fester,  scrofula,"
arero,3,Churchill/Roussel,the  tongue  (areto  Q).
item,2,Churchill/Roussel,which  has  a  bearing  on  the  subject
aretare,4,Churchill/Roussel,altar.
ariari,4,Churchill/Roussel,"sharp,  the  edge  of  a  sword."
ariki,3,Churchill/Roussel,"chief,  king,  lord,  headman  in  general."
hakaiki,4,Churchill/Roussel,in  the  same  sense;  the  latter  forms
akariki,4,Churchill/Roussel,is  the  only  form  in  Alangareva  and
aro,2,Churchill/Roussel,"presence,  body,  frontispiece."
arova,3,Churchill/Roussel,"nei   the  world,   the  universe;   tem-"
aruaru,4,Churchill/Roussel,"to  arise  in  waves,  undulation."
arurua,4,Churchill/Roussel,general.
oho,2,Churchill/Roussel,"arurua,  to  sail  as  consorts."
ata,2,Churchill/Roussel,"image,    picture,    portrait,    design;    to"
kti,1,Churchill/Roussel,"ata,  transparent."
ataata,4,Churchill/Roussel,"end  of  day,  sunset."
atakai,4,Churchill/Roussel,"calm,  unperturbed,  grateful."
atari,3,Churchill/Roussel,"ki  first  born,  oldest  son,  elder  brother  T."
have,2,Churchill/Roussel,acquired  the  sense  of  chief  at  the
mate,2,Churchill/Roussel,"ate,  liver  complaint."
ati,2,Churchill/Roussel,"ko  peka,  vengeance,  to  avenge."
atiati,4,Churchill/Roussel,"to  wait  for,  to  hope,  to  wait,  to"
atiave,4,Churchill/Roussel,"further,  ulterior."
atikea,4,Churchill/Roussel,"oa  atikea,  ignorance,  not  to  know."
atioo,4,Churchill/Roussel,disciple.
ato,2,Churchill/Roussel,to  build.
tent,1,Churchill/Roussel,usage   (of  course  this  is  essentially
tive,2,Churchill/Roussel,degree.
atu,2,Churchill/Roussel,pupil.
hakaatu,4,Churchill/Roussel,proof.
atua,3,Churchill/Roussel,"god,  devil  T  (etua)."
retention,4,Churchill/Roussel,"is  probable,  and  taken  in  coag-"
theme,2,Churchill/Roussel,of  a  Proto-Samoan  migration  on-
miro,2,Churchill/Roussel,"auahi,  steamboat."
auau,4,Churchill/Roussel,"to  itch,  to  long."
aue,3,Churchill/Roussel,"ah,  alas."
aueue,5,Churchill/Roussel,oh.
auha,3,Churchill/Roussel,"tuhi  auha,  middle  finger."
auru,3,Churchill/Roussel,"to  sleep,  to  put  to  sleep,  sleepy,  over-"
ava,2,Churchill/Roussel,"poto,  a  short  distance."
avaava,4,Churchill/Roussel,"angle,  chink."
avahi,3,Churchill/Roussel,"a  wedge,  to  split."
hinihini,4,Churchill/Roussel,"ke  avai,  ancient."
ika,2,Churchill/Roussel,"ke  avai  mo,  abuse."
kori,2,Churchill/Roussel,"ke  avai,  abuse."
pipiro,3,Churchill/Roussel,"ke  avai,  disgusting  odor."
tupu,2,Churchill/Roussel,"ke  avai,  of  rapid  growth."
ua,2,Churchill/Roussel,"ke  avai,  a  shower,  long  and  heavy"
avaitahi,5,Churchill/Roussel,"partial,  partiality."
avava,3,Churchill/Roussel,"to  throw,  to  hurl."
averi,3,Churchill/Roussel,to  warn.
ina,2,Churchill/Roussel,e  negative  sign.
raa,2,Churchill/Roussel,"ea  mai,  the  sun  rises."
eaho,3,Churchill/Roussel,fishing  line.
eanuhe,4,Churchill/Roussel,caterpillar.
eeriki,4,Churchill/Roussel,carpet.
eete,3,Churchill/Roussel,"anger,  horror;  detestable,  hideous,  hor-"
kokoma,3,Churchill/Roussel,"eete,  to  abhor,  to  detest,  angry,"
eteete,4,Churchill/Roussel,emotion.
eheeuroroa,7,Churchill/Roussel,frightful.
ehu,2,Churchill/Roussel,firebrand.
ehuehu,4,Churchill/Roussel,"brown,  brownish."
ehuhu,3,Churchill/Roussel,to  set  in  motion.
ehutai,4,Churchill/Roussel,a  wave.
ei,2,Churchill/Roussel,"by  means  of,  with."
miti,2,Churchill/Roussel,"ei  girigapea,  to  dry  with  a  sponge."
hirohiroa,5,Churchill/Roussel,"ei  vai,  diluted  with  water."
ekaeka,4,Churchill/Roussel,"soft  to  the  touch,  ductility,  glairy,"
kiri,2,Churchill/Roussel,"ekaeka,  leprous."
hakaekaeka,6,Churchill/Roussel,"to  soften,  to  loosen."
ekapua,4,Churchill/Roussel,mouldy.
piro,2,Churchill/Roussel,"ekapua,  wormeaten."
eke,2,Churchill/Roussel,"trestle,  stilt;  to  mount  a  horse,  to  go"
hakaeke,4,Churchill/Roussel,"to  cause  to  mount,  to  carry  on"
hakaeki,4,Churchill/Roussel,"to  howl,  to  yell."
ekieki,4,Churchill/Roussel,"languor,  to  make  tender."
emu,2,Churchill/Roussel,"to  leak,  to  drown,  to  founder."
hakaemu,4,Churchill/Roussel,to  submerge.
ena,2,Churchill/Roussel,"there,  behold."
enemi,3,Churchill/Roussel,enemy.
hakaeo,4,Churchill/Roussel,to  perfume.
epe,2,Churchill/Roussel,ear  Q.
epeveo,4,Churchill/Roussel,ear-ring.
epikopo,4,Churchill/Roussel,bishop  (episcopus).
era,2,Churchill/Roussel,that.
eteni,3,Churchill/Roussel,"heathen,  idolater,  pagan."
etereno,4,Churchill/Roussel,eternal.
etu,2,Churchill/Roussel,tribe.
etua,3,Churchill/Roussel,god  (atua).
hahumuhumu,5,Churchill/Roussel,"etua,  revelation."
hakaetua,5,Churchill/Roussel,to  deify.
eua,3,Churchill/Roussel,sceptre.
euai,4,Churchill/Roussel,"to  train,  to  break  in."
eukaritia,6,Churchill/Roussel,eucharist.
eva,2,Churchill/Roussel,"to  be  delirious,  to  rave,  absurd  (eheva,"
hakahiti,4,Churchill/Roussel,"ki  te  eeve,  to  show  the  but-"
pupuhi,3,Churchill/Roussel,"eve,  syringe."
okio,3,Churchill/Roussel,"gagau,  the  bit  of  a  bridle."
nmta,1,Churchill/Roussel,"gorigori,  lantern-jawed."
tapa,2,Churchill/Roussel,"guregure,  calico."
ha,1,Churchill/Roussel,"to  yawn,  to  gape."
unahi,3,Churchill/Roussel,"hakaha,  to  scale  fish."
haavare,4,Churchill/Roussel,"cunning,  guile."
hakahae,4,Churchill/Roussel,to  slander.
tuhi,2,Churchill/Roussel,"ki  te  haga,  to  give  employment."
hearken,3,Churchill/Roussel,favorably.
noho,2,Churchill/Roussel,"hakahaga,  apathy."
tiaki,3,Churchill/Roussel,"haha,  porter,  doorkeeper."
hahae,3,Churchill/Roussel,to  walk  with  legs  wide  open.
maroa,3,Churchill/Roussel,"hahaga,  to  measure  lands,  to"
hahao,3,Churchill/Roussel,"a  measure,  to  measure."
hahari,3,Churchill/Roussel,to  comb.
hahi,2,Churchill/Roussel,package.
hahie,3,Churchill/Roussel,firewood.
vehie,3,Churchill/Roussel,reproduces  the  Tongan  fefie.  Mr.
hahunnihuviu,6,Churchill/Roussel,"ttua,  revelation."
hakahahumuhumu,7,Churchill/Roussel,tc  insinuate.
hai,2,Churchill/Roussel,to  carry.
haipo,3,Churchill/Roussel,heart.
hakahaka,4,Churchill/Roussel,to  dance  T.
hakari,3,Churchill/Roussel,"coconut    (in   Christian's   ""Eastern"
haki,2,Churchill/Roussel,certainly.
hakura,3,Churchill/Roussel,to  pinch.
haniae,4,Churchill/Roussel,outrigger.
hamoni,3,Churchill/Roussel,"fold,  crease,  hem  (aamoni)."
hanau,3,Churchill/Roussel,to  be  bom.
vie,2,Churchill/Roussel,"hanau,  midwife."
hanehane,4,Churchill/Roussel,"maea  hanehane,  black  and  red"
hakahanehane,6,Churchill/Roussel,to  be  roused  to  wrath.
hanu,2,Churchill/Roussel,aid  T.
hanuanua,5,Churchill/Roussel,meamea  rainbow.
hapai,3,Churchill/Roussel,"to  lift,  to  raise,  to  elevate,  to  embark,"
hapaihakahoua,8,Churchill/Roussel,to  report.
hapaitari,5,Churchill/Roussel,to  import.
hara,2,Churchill/Roussel,"error,  mistake,  oversight,  wrong;  to"
manau,3,Churchill/Roussel,"hara,  illusion."
toua,3,Churchill/Roussel,"hara,  discussion  without  knowing"
haraoa,4,Churchill/Roussel,"flour,  bread,  paste,  wheat."
viokohi,4,Churchill/Roussel,"haraoa,  grain."
hare,2,Churchill/Roussel,"house,  cabin,  habitation,  building,  hut,"
harepepe,4,Churchill/Roussel,"kelp.     Cf.  Chap.  V,  2657."
harepopo,4,Churchill/Roussel,shed.
harepopokai,6,Churchill/Roussel,storehouse.
hari,2,Churchill/Roussel,"to  bring,  to  bring  back,  to  fetch,  to"
hariu,3,Churchill/Roussel,"to  turn  aside,  to  turn  the  back,  to  turn"
hariua,4,Churchill/Roussel,to  be  converted.
hakahariu,5,Churchill/Roussel,"to  change,  to  turn  about."
haroharo,4,Churchill/Roussel,"to  point,  to  limp."
haruharu,4,Churchill/Roussel,"to  rob,  to  steal,   to  arrest,   to"
hakahatahata,6,Churchill/Roussel,"to  loo.sen,  to  stretch."
hatahata,4,Churchill/Roussel,"calm,  loose,  prolix,  vast."
hati,2,Churchill/Roussel,"to  strike,  to  break,  to  peel  off  bark;"
tumu,2,Churchill/Roussel,"hatihati,  weak  in  the  legs."
hakahati,4,Churchill/Roussel,to  persuade.
hatipu,3,Churchill/Roussel,slate.
hatuhatu,4,Churchill/Roussel,to  deform.
hakarere,4,Churchill/Roussel,"ki  te  hau,  to  take  off  the  hat."
hakaritorito,6,Churchill/Roussel,"ki  te  hau,  to  bleach  in  the"
hakahahau,5,Churchill/Roussel,to  hang  out  in  the  air.
hakaahau,5,Churchill/Roussel,to  blow.
haua,3,Churchill/Roussel,hoarse.
hauhau,4,Churchill/Roussel,dog  (onomatopoetic).
hauii,4,Churchill/Roussel,to  replace.
hauva,3,Churchill/Roussel,"twin,  cut  T."
he,1,Churchill/Roussel,article.
hea,2,Churchill/Roussel,where?
heatua,4,Churchill/Roussel,population  T.
nianava,4,Churchill/Roussel,"tagi  ki  te  heguigui,  studious."
hehehehe,4,Churchill/Roussel,"clay,  muddy,  damp."
hei,2,Churchill/Roussel,garland.
hemahia,4,Churchill/Roussel,umbrella  T.
heniati,4,Churchill/Roussel,"dead  T,  hemati  Q  (?  he  mate)."
henua,3,Churchill/Roussel,"land,  country,  region  (heenua)."
hernia,3,Churchill/Roussel,"tumu,  native  land."
ni,1,Churchill/Roussel,"vanua,  id."
moa,2,Churchill/Roussel,"herea,  a  trussed  fowl."
hehere,3,Churchill/Roussel,"collar,  necklet."
hakahere,4,Churchill/Roussel,"ki  te  ika,  to  avenge."
hakahererua,6,Churchill/Roussel,"to  exchange,  to  avenge."
hereo,3,Churchill/Roussel,button  T  (?  he  veo).
herepo,3,Churchill/Roussel,ice  plant  T.
herohero,4,Churchill/Roussel,"scarlet,  suffocating  T."
ura,2,Churchill/Roussel,"herohero,  brilliance  of  flames."
heru,2,Churchill/Roussel,leg  T  Q.
heruheru,4,Churchill/Roussel,rake.
heruru,3,Churchill/Roussel,to  calk  (cf.  uru  i).
hetu,2,Churchill/Roussel,star  (heetuu).
hetuke,3,Churchill/Roussel,sea  urchin.
hakaheu,4,Churchill/Roussel,"spade,  to  shovel,  to  grub  up,"
hi,1,Churchill/Roussel,to  angle.
hihi,2,Churchill/Roussel,to  have  a  cold.
hia,2,Churchill/Roussel,"e  hia,  how  many?"
hakahia,4,Churchill/Roussel,to  turn  the  stomach.
hiahia,4,Churchill/Roussel,to  saw.
hihihihi,4,Churchill/Roussel,"to  lace,  to  twist;  eyebrow."
hakahihi,4,Churchill/Roussel,to  cross  the  legs.
tutae,3,Churchill/Roussel,"hihi,  constipation."
momore,3,Churchill/Roussel,"hihi,  to  injure,  to  damage."
hihiri,3,Churchill/Roussel,difficult  to  reach.
hiho,2,Churchill/Roussel,to  come.
hakahihoi,5,Churchill/Roussel,id.
hihoi,3,Churchill/Roussel,"to  turn  into,  to  transform."
hiihii,4,Churchill/Roussel,to  laugh.
hika,2,Churchill/Roussel,a  netting  needle  Q.
hiki,2,Churchill/Roussel,tail  fin  Q  (?  hiku)
hikohiko,4,Churchill/Roussel,keke  hide-and-seek.
hikuvera,4,Churchill/Roussel,brown  T.
himene,3,Churchill/Roussel,"hymn,  song,  to  sing."
hakahinihini,6,Churchill/Roussel,"to  delay,  to  postpone,"
hio,2,Churchill/Roussel,to  grasp.
kia,2,Churchill/Roussel,"hio,  to  arrest."
hakahio,4,Churchill/Roussel,"to  attach,  to  fix,  to  force,  to"
hiohio,4,Churchill/Roussel,"steel  (cf.  ohio,  iho  4)."
hipa,2,Churchill/Roussel,"to  incline,  to  lean,  to  deviate,  to  slope;"
hipahipa,4,Churchill/Roussel,to  inchne.
hipotati,4,Churchill/Roussel,hypostasis.
hipu,2,Churchill/Roussel,"calabash,  shell,  cup,  jug,  goblet,  pot,"
hira,2,Churchill/Roussel,"to  turn  the  eyes  away,  to  leer."
hakahira,4,Churchill/Roussel,"maki  hakahira,  squint-eyed."
hirihiri,4,Churchill/Roussel,"a  swing,  seesaw."
hiri,2,Churchill/Roussel,to  make  a  bag.
taiira,4,Churchill/Roussel,"hiri,  to  make  a  cord."
rauoho,4,Churchill/Roussel,"hiri,  plaited  hair."
hiro,2,Churchill/Roussel,"to  spin,  to  twist."
hirohiro,4,Churchill/Roussel,"to  mix,  to  blend,  to  dissolve,  to"
hita,2,Churchill/Roussel,to  strangle.
hiti,2,Churchill/Roussel,"to  rise,  to  appear,  to  dawn,     (ka-htti,"
hitihiti,4,Churchill/Roussel,to  dawn.
horau,3,Churchill/Roussel,"hitihiti,  break  of  day."
hitu,2,Churchill/Roussel,seven.
hiva,2,Churchill/Roussel,"strange,  alien,  foreign;  a  stranger."
kuhane,3,Churchill/Roussel,"hiva,  Holy  Ghost."
hakahiva,4,Churchill/Roussel,"mata  hakahiva,  to  look  back."
hivo,2,Churchill/Roussel,capstan.
repa,2,Churchill/Roussel,"hoa,  friend  (male),  comrade,  com-"
uha,2,Churchill/Roussel,"hoa,  friend  (female)."
hoa,2,Churchill/Roussel,"ko7ia,  native  T."
hoahoa,4,Churchill/Roussel,"to  upset,  to  destroy."
tori,2,Churchill/Roussel,"te  koa  hogihogi,  to  follow  a  scent."
hohonu,3,Churchill/Roussel,deep.
hakahohonu,5,Churchill/Roussel,to  deepen.
hoi,2,Churchill/Roussel,"hoi  atu,  to  get  out  of  the  way."
hoke,2,Churchill/Roussel,banana  leaf.
hoki,2,Churchill/Roussel,"also,  what."
pei,2,Churchill/Roussel,"ra  hoki,  similitude,  likeness."
hakahoki,4,Churchill/Roussel,"to  bring  back,  to  send  back,"
hakahokia,5,Churchill/Roussel,given  up.
homo,2,Churchill/Roussel,thunder.
honihoni,4,Churchill/Roussel,adultery.
honohono,4,Churchill/Roussel,"to  join,  to  fit,  to  adjust,  to  unite,"
hakahonohono,6,Churchill/Roussel,a  joining.
honu,2,Churchill/Roussel,turtle.
honui,3,Churchill/Roussel,great  (hoonui).
hakahonui,5,Churchill/Roussel,"to  praise,  to  commend."
hoo,2,Churchill/Roussel,to  contain.
hopehope,4,Churchill/Roussel,calm;  cooked  too  much.
hopo,2,Churchill/Roussel,"alarm,  fear,  formidable."
hopohopo,4,Churchill/Roussel,"languor,  fear,  timid,  to  lan-"
hakahopohopo,6,Churchill/Roussel,to  alarm.
hopu,2,Churchill/Roussel,"bath;  to  bathe,  to  cleanse  (hoopu)."
hora,2,Churchill/Roussel,in  haste  (horahorau).
horahora,4,Churchill/Roussel,"to    spread,    unfold,    extend,    to"
hohora,3,Churchill/Roussel,to  come  into  leaf.
horahorau,5,Churchill/Roussel,"immediately,  sooner,  forth-"
horahoraukina,7,Churchill/Roussel,agile.
horauhorau,6,Churchill/Roussel,"brief,  to  continue."
horarau,4,Churchill/Roussel,to  run.
hore,2,Churchill/Roussel,"le  gao,  to  chop  the  head  off."
horea,3,Churchill/Roussel,taken  to  pieces.
horehore,4,Churchill/Roussel,"to  carve,  to  tear,  to  cut  off,"
hori,2,Churchill/Roussel,calm.
horihori,4,Churchill/Roussel,"undecided,  inattentive,  indif-"
hakahori,4,Churchill/Roussel,to  exclude.
tun,1,Churchill/Roussel,"mat  te  horihori,  accident."
hakahorihori,6,Churchill/Roussel,"to    contradict,    to    go"
horo,2,Churchill/Roussel,"to  wash  down,  to  gulp,  to  swallow,  to"
horohoro,4,Churchill/Roussel,"to  swallow,  to  gobble,  glut-"
maea,3,Churchill/Roussel,"horohoro,  snowy  rock."
hororaa,4,Churchill/Roussel,"to,  a  cane  mill ;  oro,  to  rasp,"
horohopae,5,Churchill/Roussel,"to  save,  to  economize,  steward"
horoi,3,Churchill/Roussel,"to  dry,  to  wipe  (horo  5)."
horu,2,Churchill/Roussel,pig  (oru).
punua,3,Churchill/Roussel,"horu,  suckling  pig."
horuhoru,4,Churchill/Roussel,"to  sleep  (ahuru,  auru,  goruru)."
hoto,2,Churchill/Roussel,shoulder.
hotonuinui,6,Churchill/Roussel,fat.
hotopararaha,6,Churchill/Roussel,fat.
hou,2,Churchill/Roussel,"to  perforate,  to  drill."
hakahou,4,Churchill/Roussel,"to  reiterate,  reparation,   to"
rere,2,Churchill/Roussel,"hakahou  niai,  to  rebound."
hu,1,Churchill/Roussel,breaking  of  wind.
hua,2,Churchill/Roussel,the  same.
huaa,3,Churchill/Roussel,"tae  oko,  huaa  vahio,  young  fruit."
tikea,3,Churchill/Roussel,"huahaga,  deceptive  appearance."
hue,2,Churchill/Roussel,"a   pile,   a   heap;   to  accumulate,   to"
htie,2,Churchill/Roussel,"no,  a  halt."
hakahue,4,Churchill/Roussel,"to  heap  up,    to  amass,"
huhu,2,Churchill/Roussel,"sap  wood,  alburnum."
huhuhu,3,Churchill/Roussel,hu  to  sail  toward.
huhuru,3,Churchill/Roussel,"hair,  down,  plumage,  fur."
hui,2,Churchill/Roussel,tattooing  rod.
huki,2,Churchill/Roussel,"to  post  up,  to  publish."
hukihuki,4,Churchill/Roussel,colic.
humu,2,Churchill/Roussel,tattooing  on  the  feet.
huna,2,Churchill/Roussel,thornless.
hupee,3,Churchill/Roussel,mucus.
hupeepee,5,Churchill/Roussel,asthma.
kirikiri,4,Churchill/Roussel,ueue  as  exhibiting  this  particular
hura,2,Churchill/Roussel,"fife,  whistle,  drum,  trumpet,  to  play."
hurahura,4,Churchill/Roussel,whistle.
hurehure,4,Churchill/Roussel,"to  shell,  to  skin."
huhure,3,Churchill/Roussel,to  skin.
huri,2,Churchill/Roussel,stem.
huhuri,3,Churchill/Roussel,rolling.
hakahuri,4,Churchill/Roussel,to  turn  over.
hurihuri,4,Churchill/Roussel,"wrath,  anger."
hurikea,4,Churchill/Roussel,"to  transfigure,  to  transform."
huru,2,Churchill/Roussel,"huru  ke,  spotted."
hutihuti,4,Churchill/Roussel,"to  pluck,  to  pull  out,  tu  weed"
ia,2,Churchill/Roussel,"in  order  to,  so  that."
ko,1,Churchill/Roussel,"ia,  he,  she,  yes,  it  is,  this."
moo,2,Churchill/Roussel,"iharaa,  ordinary."
kotiru,3,Churchill/Roussel,"no  iharaa  no  iharaa,  usual."
ihiihi,4,Churchill/Roussel,to  hop.
iho,2,Churchill/Roussel,"modern,   new,   recent."
hakaiho,4,Churchill/Roussel,"to  reiterate,  to  renew."
hakamau,4,Churchill/Roussel,"iho,  to  immortalize."
hakaihoiho,6,Churchill/Roussel,"counterbalance,   counter-"
ihoiho,4,Churchill/Roussel,"eager,  constant,  stubborn,  obstinate,"
ihu,2,Churchill/Roussel,"nose,  snout,  cape  T  (iju  Q)."
ihupiro,4,Churchill/Roussel,"to  rap  on  the  nose,  to  snuflBe."
mata,2,Churchill/Roussel,"ika,  pearl."
ikahi,3,Churchill/Roussel,"to  fish  with  a  line,  to  angle."
ikakato,4,Churchill/Roussel,to  go  fishing.
ikakohau,5,Churchill/Roussel,"to  fish  with  a  Hne,  to  angle."
ikapotu,4,Churchill/Roussel,"cape,  end  of  a  voyage,  destination."
ikapuhi,4,Churchill/Roussel,to  fish  with  a  torch.
iko,2,Churchill/Roussel,"to  take  away,  to  carry  off,  to  despoil,  to"
ikoa,3,Churchill/Roussel,"to  seize,  to  take  possession."
ikoiko,4,Churchill/Roussel,"to  seize,  to  deprive."
iku,2,Churchill/Roussel,tail  (of  beast  or  fish)  see  vaero.
ian,2,Churchill/Roussel,"nei,  absent."
inaki,3,Churchill/Roussel,allowance  of  food.
meat,2,Churchill/Roussel,or  fish.
inei,3,Churchill/Roussel,here.
inua,3,Churchill/Roussel,cloak  Q  (nua  T).
iore,3,Churchill/Roussel,indistinctly.
ira,2,Churchill/Roussel,"then,  there,  behold."
hakaira,4,Churchill/Roussel,id.
iro,2,Churchill/Roussel,a  chaplet  of  long  feathers  as  an  ornament
ite,2,Churchill/Roussel,to  see  (kite).
iti,2,Churchill/Roussel,"little,  small,  medium."
itia,3,Churchill/Roussel,shrunken.
itiiti,4,Churchill/Roussel,"scanty,  slim."
hakaiti,4,Churchill/Roussel,"to  make  small,  to  lessen,  to"
hakaitiiti,6,Churchill/Roussel,"to  squat,  to  crouch."
iva,2,Churchill/Roussel,nine.
tooa,3,Churchill/Roussel,"te  kiko  e  ivi  i  hakarsre,  to  strip  the"
kore,2,Churchill/Roussel,"te  ivi,  cooked  too  much."
ivive,3,Churchill/Roussel,a  wig  of  women's  hair  assumed  by  men
mea,2,Churchill/Roussel,"meitaki  ka  rava,  a  thing  good  to"
kahaka,3,Churchill/Roussel,abasement.
rinia,3,Churchill/Roussel,"te  kahu,  sleeve."
hakarivariva,6,Churchill/Roussel,"ki  te  kahu,  toilet."
rakai,3,Churchill/Roussel,"ki  te  kahu,  toilet."
patu,2,Churchill/Roussel,"ki  te  kahu,  to  undress."
kahui,3,Churchill/Roussel,"bunch,  cluster."
vave,2,Churchill/Roussel,"kai  kohe,  inaccessible."
hakapee,4,Churchill/Roussel,"no   kai  hoao,  abundance,  to"
kaia,3,Churchill/Roussel,eaten.
matt,1,Churchill/Roussel,"kaiga,  proprietor."
hooa,3,Churchill/Roussel,"te  kaiga,  to  buy  land."
kaikai,4,Churchill/Roussel,"ikai-3)  sharp,  cutting,  edge  of  a"
kaikino,4,Churchill/Roussel,"selfish,  avaricious,  faithless,  ingrate."
paoa,3,Churchill/Roussel,"kaitagata,  cannibal,  savage."
kakai,3,Churchill/Roussel,"to  blame,  to  chide,  to  scold,  to  dis-"
totia,3,Churchill/Roussel,"kakai,  to  rebuke."
kakaure,4,Churchill/Roussel,fly  T  (takaure).
kakava,3,Churchill/Roussel,chemise.
kakea,3,Churchill/Roussel,"to  come  near,  to  embark."
kakore,3,Churchill/Roussel,"no,  not."
kamakama,4,Churchill/Roussel,to  yawn  Q.
kamiora,4,Churchill/Roussel,to  console.
kamou,3,Churchill/Roussel,hush!  {kamou).
kanamunamu,5,Churchill/Roussel,glaive  R  (?  glaire).
kaokao,4,Churchill/Roussel,"side,  flank,  lateral."
kape,2,Churchill/Roussel,"arum,  yam."
kapu,2,Churchill/Roussel,"kapu  amtia,  to  go  ahead."
kara,2,Churchill/Roussel,wing.
karat,2,Churchill/Roussel,ia  grace.
karava,3,Churchill/Roussel,cave.
karavarava,5,Churchill/Roussel,"manava  karavarava,  colic."
ropa,2,Churchill/Roussel,"kakari  kore,  petticoat."
kakari,3,Churchill/Roussel,"manava,  waist."
karo,2,Churchill/Roussel,"to  decline,  to  be  on  the  wane."
karokaro,4,Churchill/Roussel,"karokaro  tariga,  ear  pendant."
karu,2,Churchill/Roussel,to  raise  the  arm  for  a  blow.
karukaru,4,Churchill/Roussel,"a  swelling,  to  swell."
kata,2,Churchill/Roussel,"to  laugh,  to  smile."
kakata,3,Churchill/Roussel,"toe  kakata,  dourness."
katikati,4,Churchill/Roussel,"to  scratch,  to  claw."
hakakau,4,Churchill/Roussel,to  make  to  swim.
kauae,4,Churchill/Roussel,jawbone  (kaua  Q)  (Cf.  kauvae).
kauaha,4,Churchill/Roussel,"jaw  of  fish,  gills."
rei,2,Churchill/Roussel,"kauaha,  fin."
kauiui,5,Churchill/Roussel,"to  mend,  to  patch."
kaukau,4,Churchill/Roussel,"tai  kaukau,  tide."
kauvae,4,Churchill/Roussel,chin  (kauae)  (kavai  chinbeard  Q).
kava,2,Churchill/Roussel,"bitter,  salt."
hakakava,4,Churchill/Roussel,to  embalm.
kavakava,4,Churchill/Roussel,"acid,    sharp,    bitter,    salt,"
akavakava,5,Churchill/Roussel,to  make  sharp.
hakakavakava,6,Churchill/Roussel,to  make  acid.
kavahia,4,Churchill/Roussel,"comfort,  comfortable,  to  feast."
hakakavahia,6,Churchill/Roussel,"comfort,  comfortable."
moi,2,Churchill/Roussel,"kavakava,  a  house  god  Q.  (vSee"
kavava,3,Churchill/Roussel,to  fight  TQ.
kave,2,Churchill/Roussel,"ekave,  fish  snood  T."
kavei,3,Churchill/Roussel,stem  of  fruit.
kaviri,3,Churchill/Roussel,"to  envelop,  to  wrap."
hakake,3,Churchill/Roussel,"feint,  stratagem,  to  feign."
tnaori,3,Churchill/Roussel,"ke  avai,  skilful,  handy."
keekee,4,Churchill/Roussel,"niJw  keekee,  long  protruding  teeth."
kehokeho,4,Churchill/Roussel,"dry,  arid."
kekeho,3,Churchill/Roussel,"to  clot,  to  curdle,  to  coagulate."
toto,2,Churchill/Roussel,"kekeho,  clotted  blood."
kekehu,3,Churchill/Roussel,shoulder  Q.
kekekeke,4,Churchill/Roussel,"to  crackle,  to  snap."
kekeohe,4,Churchill/Roussel,leek  T.
kekeri,3,Churchill/Roussel,a  squall.
kekeune,4,Churchill/Roussel,upper  arm  Q.
kenu,2,Churchill/Roussel,husband.
keo,2,Churchill/Roussel,"stomach,  dyspeptic,  consumptive."
mamae,3,Churchill/Roussel,"keo,  headache."
kere,2,Churchill/Roussel,"to  moor,  to  make  fast."
kerekere,4,Churchill/Roussel,"black,  dark,  blue,  obscure,  gloom."
hakakerekere,6,Churchill/Roussel,to  blacken.
kerepei,4,Churchill/Roussel,alone  deal  with  earth.     In  Nuclear
kereki,3,Churchill/Roussel,nauseated.
kerereki,4,Churchill/Roussel,"to  relieve  the  stomach,  nau-"
keri,2,Churchill/Roussel,"to  dig,  to  grub  up,  to  root  up,  to  exca-"
kerikeri,4,Churchill/Roussel,to  scratch.
keriti,3,Churchill/Roussel,"to  attract,  brusque."
kero,2,Churchill/Roussel,"to  crease,  to  fold,"
ketu,2,Churchill/Roussel,"to  bound,  to  climb  over,  to  leap,  to"
ketuketu,4,Churchill/Roussel,to  spread  out.
keukeu,4,Churchill/Roussel,"affair,  movement,  to  move."
keva,2,Churchill/Roussel,one-eyed.
kekeva,3,Churchill/Roussel,to  sleep  with  the  eyes  open.
hakakeva,4,Churchill/Roussel,"to  wink,  to  point,  to  aim."
kevakeva,4,Churchill/Roussel,"agony,  death  throe."
kevare,3,Churchill/Roussel,horse  (cheval).
kiakia,4,Churchill/Roussel,"dove,  gull  T."
kiata,3,Churchill/Roussel,ginger.
kie,2,Churchill/Roussel,"ochre,  vermilion."
kihikihi,4,Churchill/Roussel,"lichen  T,  stone  T."
kii,2,Churchill/Roussel,moonlight.
kimatiko,4,Churchill/Roussel,schism.
kimikimi,4,Churchill/Roussel,"to  seek,  to  search,  to  inquire,  to"
kina,2,Churchill/Roussel,"more,  in  a  high  degree."
kino,2,Churchill/Roussel,"a  skin  eruption,  verruga,  blotched"
kio,2,Churchill/Roussel,stick  wherewith  to  rake  things  into  a
hakakio,4,Churchill/Roussel,"to  enslave,  to  reduce  to  sub-"
kioa,3,Churchill/Roussel,id.
kiokio,4,Churchill/Roussel,foul  smelling  smoke.
kiore,3,Churchill/Roussel,"rat,  mouse  (kioe)."
kirato,3,Churchill/Roussel,goddess  T.
kireira,4,Churchill/Roussel,"yet,  already."
kikiri,3,Churchill/Roussel,pebble.
kirikirimiro,6,Churchill/Roussel,"ragi  kirikirimtro,  sky  dappled"
kirikiriteu,6,Churchill/Roussel,soft  gray  tufa  ground  down  with
kiriputiti,5,Churchill/Roussel,id.
hakakite,4,Churchill/Roussel,"to  declare,  to  disclose,  to  note,"
kiteke,3,Churchill/Roussel,consumption.
kiukiu,4,Churchill/Roussel,"to  resound,  to  ring,  sonorous,  bell,"
kikiu,3,Churchill/Roussel,"to  ring,  the  squeaking  of  rats."
hakakiukiu,6,Churchill/Roussel,to  ring.
kivakiva,4,Churchill/Roussel,united.
kukumu,3,Churchill/Roussel,"kivakiva,  doumess."
hakakiva,4,Churchill/Roussel,"to  smooth,  serious."
hakakivakiva,6,Churchill/Roussel,"to  smooth,   to   starch,"
rori,2,Churchill/Roussel,"te  koa  hogihogi,  to  follow  a  scent."
koa,2,Churchill/Roussel,joy.
koakoa,4,Churchill/Roussel,"joy,  content,  happiness,  gay,"
hakakoakoa,6,Churchill/Roussel,"to  rejoice,  to  leap  for  joy."
koe,2,Churchill/Roussel,not  (korc).
kohau,3,Churchill/Roussel,shaft  of  a  lance.
kohe,2,Churchill/Roussel,"vave  kai  kohe,  inaccessible."
kohu,2,Churchill/Roussel,"shade,  shadow,  fog,  haze,  coming  rain."
kohukohu,4,Churchill/Roussel,"cloud,     cloudy,     somber,"
hakakohu,4,Churchill/Roussel,"to  shade,  a  visor."
tniro,2,Churchill/Roussel,"kohukohu,  bush,  thicket."
koiro,3,Churchill/Roussel,eel  T.
kokekoke,4,Churchill/Roussel,to  be  lame.
kokotna,3,Churchill/Roussel,"hanohano,  spite,  to  despise,  to"
kokorna,3,Churchill/Roussel,"hanohano    manava   pohi,    to"
kokope,3,Churchill/Roussel,to  throw  down;  clubfooted.
kokoro,3,Churchill/Roussel,"to  widen,  to  expand."
komari,3,Churchill/Roussel,pudenda.     (Cf.  mamari.)
komaru,3,Churchill/Roussel,stand  up!     T.
komokomo,4,Churchill/Roussel,to  stop  up  tight.
kokomo,3,Churchill/Roussel,"to  plug,  bung."
konakona,4,Churchill/Roussel,"rippling,  shining  surface."
hakakonakona,6,Churchill/Roussel,"to  make  mild,  a  favo-"
konee,3,Churchill/Roussel,"awkwardness,  clumsiness."
konui,3,Churchill/Roussel,far  T.
koo,2,Churchill/Roussel,"mai  salutation;  good  morning,  good"
kopikopi,4,Churchill/Roussel,to  clean  the  hands.
hakakopi,4,Churchill/Roussel,to  take  sides  secretly.
hinge,2,Churchill/Roussel,"or  joint,  from  which,  by  neglect  of"
kopu,2,Churchill/Roussel,"heart,  breast,  paunch,  belly,  entrails."
korae,3,Churchill/Roussel,"pararaha,  wide  brow."
hakakore,4,Churchill/Roussel,"to  annul,  to  nullify,  to  anni-"
koreha,3,Churchill/Roussel,"eel,  worm."
korereki,4,Churchill/Roussel,hiccoughs.
koroiti,4,Churchill/Roussel,"slowly,  gently,  gradually,  carefully,"
tito,2,Churchill/Roussel,"koroiti,  to  save,  steward."
hakakoroiti,6,Churchill/Roussel,"to  moderate,  to  slacken."
korokoro,4,Churchill/Roussel,to  clack  the  tongue  (kurukuru).
koromaki,4,Churchill/Roussel,pine  T.
koroua,4,Churchill/Roussel,"decrepit,  old  age,  worn  with  age."
korua,3,Churchill/Roussel,you.
na,1,Churchill/Roussel,"korua,  ta  korua,  yours."
kotaki,3,Churchill/Roussel,calm.
kotikoti,4,Churchill/Roussel,to  tear.
kokoti,3,Churchill/Roussel,"to  cut,  to  chop,  to  hew,  to  cleave,"
koto,2,Churchill/Roussel,mai  to  bring  T.
kotokoto,4,Churchill/Roussel,hemorrhage.     (Cf.  kutoto.)
kototi,3,Churchill/Roussel,sea  bass  T  (kodoti  T).
koumi,3,Churchill/Roussel,"arero  koumi,  to  report,  to  tell."
kumi,2,Churchill/Roussel,in  the  sense  of  long  tongue  might
koura,3,Churchill/Roussel,"i  fry,  spawn,  roe."
ku,1,Churchill/Roussel,verb  sign.
hakaku,3,Churchill/Roussel,to  groan.
kua,2,Churchill/Roussel,demonstrative.
kiia,3,Churchill/Roussel,"tau  te  tnoa,  the  hen  roosts."
kuapu,3,Churchill/Roussel,issue.
kui,2,Churchill/Roussel,to  see  T.
kuia,3,Churchill/Roussel,booby  (bird)  T.
kuikui,4,Churchill/Roussel,to  stagger.
kukuo,3,Churchill/Roussel,snail.
kumara,3,Churchill/Roussel,sweet  potato.
kume,2,Churchill/Roussel,"to  pull  out,  to  extirpate,  to  extract,  to"
pahu,2,Churchill/Roussel,"kumi,  closet."
hakakumi,4,Churchill/Roussel,to  lengthen.
kumu,2,Churchill/Roussel,"to  draw  back,  to  withdraw."
kunekune,4,Churchill/Roussel,blond.
kupu,2,Churchill/Roussel,times.
kura,2,Churchill/Roussel,"tutui  kura,  shawl."
kurakura,4,Churchill/Roussel,"fair,  light."
hakakurakura,6,Churchill/Roussel,to  make  to  blush.
kuri,2,Churchill/Roussel,cat  (kooU  T).
kurukuru,4,Churchill/Roussel,to  clack  the  tongue  (korokoro).
kuto,2,Churchill/Roussel,a  swift  canoe.
kutokuto,4,Churchill/Roussel,"froth,  foam,  bubbles,  to  strangle"
kukuto,3,Churchill/Roussel,"froth,  foam."
kutoto,3,Churchill/Roussel,to  make  bloody;  to  melt  (cf.  kotokoto).
kutu,2,Churchill/Roussel,louse.
hakama,3,Churchill/Roussel,"shame,  confusion,   timid,  to"
maa,2,Churchill/Roussel,"art,   experience,  competency,  power,"
hakamaa,4,Churchill/Roussel,"to  teach,  to  advise,  to  in-"
maaa,3,Churchill/Roussel,"e  maaa,  inexperienced."
maamaa,4,Churchill/Roussel,"light,    portable,    easily,    com-"
hakamaamaa,6,Churchill/Roussel,"to  alleviate,  to  comfort,"
maamaaki,5,Churchill/Roussel,evident.
maaua,4,Churchill/Roussel,thine.
mae,2,Churchill/Roussel,"to  fade,  to  wither,  stunted  fruit."
maeha,3,Churchill/Roussel,"light,  brightness;  to  shine,  to  be"
maehamaeha,6,Churchill/Roussel,bright.
hakamaeha,5,Churchill/Roussel,to  brighten.
maemae,4,Churchill/Roussel,soft.
mahaa,3,Churchill/Roussel,"obsidian  T  (?  makaa,  maka)."
mahana,3,Churchill/Roussel,"ke,  suffocating."
hakamahana,5,Churchill/Roussel,"to  heat,  to  scald,  to  warm"
mahani,3,Churchill/Roussel,"habit,   custom,   to   accustom,   to"
hakamahani,5,Churchill/Roussel,to  tame.
mahara,3,Churchill/Roussel,"to  be  in  rapture,  ecstasy."
maharo,3,Churchill/Roussel,"to  glorify,  to  flatter,  to  admire,  to"
mahiahia,5,Churchill/Roussel,"dry,  aridity."
hakamahia,5,Churchill/Roussel,to  expose  to  the  air.
mahina,3,Churchill/Roussel,the  moon.
mahiti,3,Churchill/Roussel,cancer.
mai,2,Churchill/Roussel,"ill,  sick."
maikuku,4,Churchill/Roussel,"finger    nail,    claw,    spur,    talon"
maikao,4,Churchill/Roussel,"and  mitikao,  a  claw,  although  the"
maira,3,Churchill/Roussel,on  the  contrary.
maitakia,5,Churchill/Roussel,clean.
maka,2,Churchill/Roussel,"maka  motu,  a  rock  T."
makemakenu,5,Churchill/Roussel,to  warp.
makenu,3,Churchill/Roussel,attentively  (mekenu).
makenukenu,5,Churchill/Roussel,"to  move,  to  stir."
maki,2,Churchill/Roussel,"a  boil,  a  sore  (mamaki)."
makohe,3,Churchill/Roussel,tropic  bird.
makoikoi,5,Churchill/Roussel,kidney  T.
makona,3,Churchill/Roussel,"satiated,  to  be  drunk,  to  quench,"
rakerake,4,Churchill/Roussel,"makona,  crapulous."
hakamakona,5,Churchill/Roussel,"comfort,  comfortable,  to"
makota,3,Churchill/Roussel,"ambition,  jealousy."
makuo,3,Churchill/Roussel,cheek.
makupuna,4,Churchill/Roussel,"descendant,  grandson,  progeny."
mama,2,Churchill/Roussel,"to  leak,  to  ooze,  (maamaa)."
hakamama,4,Churchill/Roussel,"to  yawn,  to  gape,  to  be  ajar."
hakamamae,5,Churchill/Roussel,to  make  ill.
mamahi,3,Churchill/Roussel,"to  bet,  to  wager,  to  guess,  to  cast"
mamaki,3,Churchill/Roussel,distress  (maki).
mamara,3,Churchill/Roussel,"to  sparkle,  to  flash."
mamari,3,Churchill/Roussel,egg  (of  fowl  or  fish)  (gamamari).
mamoi,3,Churchill/Roussel,sheep.
mana,2,Churchill/Roussel,"power,  influence."
hakamana,4,Churchill/Roussel,miracle.
manana,3,Churchill/Roussel,to  skip.
manua,3,Churchill/Roussel,"tahaga,  to  suppose."
hakamanau,5,Churchill/Roussel,pathetic.
meniri,3,Churchill/Roussel,"ko  manava,  little  finger."
manavai,4,Churchill/Roussel,brain.
maniri,3,Churchill/Roussel,"chilly,  cold."
mano,2,Churchill/Roussel,i.ooc  R;  lo.ooo  T.
manu,2,Churchill/Roussel,bird.
manuoau,5,Churchill/Roussel,foul  smelling  smoke.
maoa,3,Churchill/Roussel,to  clear  up  (of  the  sky).
riva,2,Churchill/Roussel,"maoa,  correct."
maoamaoa,6,Churchill/Roussel,to  thank.
mapahiva,4,Churchill/Roussel,diamond.
maraka,3,Churchill/Roussel,"bristly,  shaggy."
marama,3,Churchill/Roussel,"light,  day,  brightness,  to  glimmer;"
hakamarama,5,Churchill/Roussel,"school,  to  glimmer."
maramarama,5,Churchill/Roussel,bright.
mare,2,Churchill/Roussel,to  have  a  cold.
marere,3,Churchill/Roussel,"to  break,    to    run    aground,    ship-"
takaure,4,Churchill/Roussel,"marere  ke,  swarm  of  flies."
hakamarere,5,Churchill/Roussel,"to  destroy,  to  demolish,"
hakamarererere,7,Churchill/Roussel,to  crumble.
marie,3,Churchill/Roussel,"calm,  fair  weather,  unruffled  sea."
vat,1,Churchill/Roussel,"marie,  still  water."
marikuru,4,Churchill/Roussel,ash-wood  T.
mariri,3,Churchill/Roussel,discolored  (meriri).
maruaki,4,Churchill/Roussel,"appetite,   desire  to  eat,   greedy,"
hakamaruaki,6,Churchill/Roussel,to  starve.
marumaru,4,Churchill/Roussel,"shade,   thicket,   somber,   um-"
hakamaru,4,Churchill/Roussel,to  cover  with  shade.
hakamarumaru,6,Churchill/Roussel,to  shade.
hakamata,4,Churchill/Roussel,to  make  a  net.
pupura,3,Churchill/Roussel,"mataara,  projecting  eyes."
riki,2,Churchill/Roussel,with  ariki  is  not  uncommon  in
mataee,4,Churchill/Roussel,sleepiness.
matahakah,4,Churchill/Roussel,"i re  to  consider  ( ?  -hira,  cf .  ira  2) ."
matahakahiva,6,Churchill/Roussel,to  look  back  (/ra  2).
matahakakekeva,7,Churchill/Roussel,to  look  aside.
matahi,3,Churchill/Roussel,age.
mataika,4,Churchill/Roussel,pearl.
matamataika,6,Churchill/Roussel,id.
matakeva,4,Churchill/Roussel,"blind,  one-eyed."
matakekeva,5,Churchill/Roussel,"to  look  sidcwise,  to  dazzle."
matakevakeva,6,Churchill/Roussel,"sleepy,  drowsy."
hakamatakeva,6,Churchill/Roussel,"to  shade  the  view,  to"
mataki,3,Churchill/Roussel,"open,  to  expand,  to  clear  up   (of"
mataku,3,Churchill/Roussel,"alarm,    fear,    cowardice,    terror,"
matakua,4,Churchill/Roussel,terrified.
hakamataku,5,Churchill/Roussel,"to  alarm,  affright,  scare,"
matanevaneva,6,Churchill/Roussel,"drowsy,  sleepy."
matapea,4,Churchill/Roussel,tattooing  on  the  body.
matapo,3,Churchill/Roussel,"blind,  one-eyed."
matapupura,5,Churchill/Roussel,"spy,  to  keep  the  eyes  on  one"
mataputi,4,Churchill/Roussel,chubby  cheeks.
matariki,4,Churchill/Roussel,"ynaea  matariki,  stone  used  for  the"
hakamatatoa,6,Churchill/Roussel,"to   drill,  to   discipline,"
matau,3,Churchill/Roussel,right.
hakamatau,5,Churchill/Roussel,"to  discipUine,  to  drill,  to"
mataui,4,Churchill/Roussel,"a  raro,  modest,  modesty."
hakamate,4,Churchill/Roussel,to  kill.
matemate,4,Churchill/Roussel,"to  have  a  slight  illness,  to  suffer"
matoru,3,Churchill/Roussel,"thick,  bushy."
matorutoru,5,Churchill/Roussel,"thick,  opaque;  not  com-"
hakamatoru,5,Churchill/Roussel,to  stock.
hakamatorutoru,7,Churchill/Roussel,to  thicken.
matou,3,Churchill/Roussel,we.
tnatu,2,Churchill/Roussel,"let  us  go,  to  be  ready  to  go."
matua,3,Churchill/Roussel,chronic.
te,1,Churchill/Roussel,"mau  tagata,  a  collective  use."
mati,2,Churchill/Roussel,"no,  stable."
pena,2,Churchill/Roussel,"hakamau,  bridle."
maua,3,Churchill/Roussel,at  last.
maumau,4,Churchill/Roussel,a  step.
mauoko,4,Churchill/Roussel,immovable.
maute,3,Churchill/Roussel,paper  mulberry  (mahute  Q).
mauteki,4,Churchill/Roussel,to  assure.
mautini,4,Churchill/Roussel,"pumpkin,  gourd,  squash."
moni,2,Churchill/Roussel,"meamea,  gold."
pua,2,Churchill/Roussel,"ei  meamea,  to  make  yellow."
hakameamea,6,Churchill/Roussel,"to    redden,    to    make"
ra,1,Churchill/Roussel,"mea,  to  belong."
hakamea,4,Churchill/Roussel,"to  prepare,  to  make  ready."
meemee,4,Churchill/Roussel,"to  plot,  to  intrigue."
meemeea,5,Churchill/Roussel,contemptible.
hakamee,4,Churchill/Roussel,"irony,  sarcasm,  war  song,  to"
hakameemee,6,Churchill/Roussel,"to  blaspheme,  disdain,"
meika,3,Churchill/Roussel,banana.
meitaki,4,Churchill/Roussel,"good,  agreeable,  efficacious,  excel-"
hakameitaki,6,Churchill/Roussel,"to  make  good,  to  amend,"
tetaki,3,Churchill/Roussel,is  clear  evidence  that  taki  is  a  stem.
matai,3,Churchill/Roussel,good.
mene,2,Churchill/Roussel,thumb  Q.
menia,3,Churchill/Roussel,adulterer.
tekeo,3,Churchill/Roussel,"meniri,    to  cool,  to  chill."
merita,3,Churchill/Roussel,merit.
tnerone,3,Churchill/Roussel,melon
meta,2,Churchill/Roussel,the  mass  {messe).
meua,3,Churchill/Roussel,hopeless.
paa,2,Churchill/Roussel,"migomigo,  sterile."
mihimihi,4,Churchill/Roussel,"fine  rain,  to  drizzle,  sleet,  thick"
mikamika,4,Churchill/Roussel,curly.
mi,1,Churchill/Roussel,"mi  urine,  to  make  water."
mimiro,3,Churchill/Roussel,"compass,  to  roll  one  over  another,"
minemine,4,Churchill/Roussel,"to  consider,  to  make  signs"
mini,2,Churchill/Roussel,to  carry  one's  head  high.
minuta,3,Churchill/Roussel,minute  of  time.
miramira,4,Churchill/Roussel,"to  shake,  to  perplex,  tangled."
hakamiramira,6,Churchill/Roussel,to  perplex.
mirimiri,4,Churchill/Roussel,curly.
miripau,4,Churchill/Roussel,testes  T  (maripu).
miroahi,4,Churchill/Roussel,firebrand.
tniterio,4,Churchill/Roussel,mystery.
mitimiti,4,Churchill/Roussel,to  clack  the  tongue.
mitinare,4,Churchill/Roussel,missionary.
mitutika,4,Churchill/Roussel,the  lip  Q.
mo,1,Churchill/Roussel,for  (moo).
pu,1,Churchill/Roussel,"moo  naa,  hiding-place   (hole  for"
moahu,3,Churchill/Roussel,to  aid.
moaua,4,Churchill/Roussel,hibiscus.
hakamoe,4,Churchill/Roussel,"to  brood,  to  fold  the  wings;"
moea,3,Churchill/Roussel,"moea  raruga,  lying  flat."
moeaivi,5,Churchill/Roussel,thin.
moemata,4,Churchill/Roussel,to  sleep  with  the  eyes  open.
moemoea,5,Churchill/Roussel,"a  dream,  vision."
variant,3,Churchill/Roussel,mogo.
mohai,3,Churchill/Roussel,"idol,  image,  sculpture,  statue  (moai"
mohimohi,4,Churchill/Roussel,"level,  to  level."
hakamohi,4,Churchill/Roussel,"stem,  serious,  grave."
mokimoki,4,Churchill/Roussel,"lenitive,  emollient."
moko,2,Churchill/Roussel,lizard.
mokohi,3,Churchill/Roussel,"grain,  full-grown  berry  (mokoi)."
mokoimokoi,6,Churchill/Roussel,"heart  T,  kidney."
mokomoko,4,Churchill/Roussel,"sharp,  pointed,  slender,  cape,"
moku,2,Churchill/Roussel,bunch  grass  T  (mouku).
momomomo,4,Churchill/Roussel,"niho    momomomo,    decayed"
mooka,3,Churchill/Roussel,to  implant.
mooku,3,Churchill/Roussel,mine.
morava,3,Churchill/Roussel,"to  catch,  to  have,  to  conquer,  to"
more,2,Churchill/Roussel,"rent,  fracture,  to  break."
moremore,4,Churchill/Roussel,to  divide  into  bits.
moremorepua,6,Churchill/Roussel,to  pick  flowers.
mori,2,Churchill/Roussel,oil.
motare,3,Churchill/Roussel,clock.
motiho,3,Churchill/Roussel,land  fog.
motiotio,5,Churchill/Roussel,"ragi  motiotio,  sky  streaked  with"
momotu,3,Churchill/Roussel,to  cut  up.
motuhaua,5,Churchill/Roussel,archipelago.
moturauri,5,Churchill/Roussel,south  wind  T.
mou,2,Churchill/Roussel,to  get  (mau).
hakamou,4,Churchill/Roussel,id.
moumou,4,Churchill/Roussel,"e  ko  moumou,  indissoluble."
moua,3,Churchill/Roussel,"enough,  past  (mou,  mouga)."
tua,2,Churchill/Roussel,"mouga,  mountain  top."
mouku,3,Churchill/Roussel,"grass,  hay,  straw,  herb,  vegetable"
moukuhiva,5,Churchill/Roussel,couchgrass.
mounu,3,Churchill/Roussel,"bait,  lure."
mova,2,Churchill/Roussel,marshmallow  T  (mauve).
mu,1,Churchill/Roussel,"huhuru  wm,  woolly  R  (probably  an  abbre-"
mua,2,Churchill/Roussel,"the  front,  that  which  comes  foremost."
muko,2,Churchill/Roussel,to  announce.
muraki,3,Churchill/Roussel,to  bury  T.
muri,2,Churchill/Roussel,"the  rear,  that  which  comes  last."
tnutone,3,Churchill/Roussel,"sheep,  mutton."
naa,2,Churchill/Roussel,"to  hide,  to  conceal,  occult,  secret."
naanaa,4,Churchill/Roussel,secretly.
hakanaa,4,Churchill/Roussel,"to  hide,  clandestine,  secret,"
naaku,3,Churchill/Roussel,mine.
naana,3,Churchill/Roussel,his.
naau,3,Churchill/Roussel,yours.
nainai,4,Churchill/Roussel,point  of  a  lance.
nako,2,Churchill/Roussel,"fat,  grease,  lard,  marrow,  tallow."
nam,1,Churchill/Roussel,"u nam  u  I  to  chew,  to  devour,  to  lap  up,"
namunamu,4,Churchill/Roussel,to  yelp.
nanai,3,Churchill/Roussel,spider.
nanenane,4,Churchill/Roussel,sweetness.
nape,2,Churchill/Roussel,to  name.
naponapo,4,Churchill/Roussel,"handsome,  bright,  to  shine,  to"
hakanaponapo,6,Churchill/Roussel,"to  amend,  to  better,  to"
natura,3,Churchill/Roussel,"nature,  essence  of  god."
nave,2,Churchill/Roussel,"manti  nave,  great  abscess."
neanea,4,Churchill/Roussel,"rimamatua  neanea,  thumb."
tai,2,Churchill/Roussel,"negonego,  tide."
nehe,2,Churchill/Roussel,odor.
nehenehe,4,Churchill/Roussel,"fern,  moss."
nehu,2,Churchill/Roussel,"obscure,  cloudy."
hakanehu,4,Churchill/Roussel,to  disguise.
hakanenehu,5,Churchill/Roussel,serious.
nei,2,Churchill/Roussel,"here,  this."
hakaneinei,6,Churchill/Roussel,to  purge.
neinei,4,Churchill/Roussel,"to  squeeze,  to  press."
aneira,4,Churchill/Roussel,"nei,  soon,"
neku,2,Churchill/Roussel,"nekii  ravatotouti,  agile."
nekuneku,4,Churchill/Roussel,to  grate.
nemonemo,4,Churchill/Roussel,"independent,  independence."
hakaneenee,6,Churchill/Roussel,physician.
nenenene,4,Churchill/Roussel,intestines  T.
nenere,3,Churchill/Roussel,weak.
nieue,4,Churchill/Roussel,snow  (neige).
nihinihi,4,Churchill/Roussel,obtuse.
tuaivi,4,Churchill/Roussel,"nihinihi,  hunchback."
ninihi,3,Churchill/Roussel,surge  of  the  sea.
hakamanavanihinihi,9,Churchill/Roussel,indigestion.
nihotete,4,Churchill/Roussel,"to  gnash  the  teeth,"
nikoniko,4,Churchill/Roussel,tortuous.
ninaa,3,Churchill/Roussel,terrific.
nini,2,Churchill/Roussel,dysentery.
nininini,4,Churchill/Roussel,"to  flow,  to  fall  into,  diarrhea,"
hakanininini,6,Churchill/Roussel,"to  water,  to  pass  any"
niniko,3,Churchill/Roussel,garland.
niniro,3,Churchill/Roussel,garland.
nira,2,Churchill/Roussel,needle.
nire,2,Churchill/Roussel,virgin.
nironiro,4,Churchill/Roussel,garbage.
niu,2,Churchill/Roussel,"coconut,  palm,  spinning  top."
niuhi,3,Churchill/Roussel,shark  T  (ninki  T).
nivaniva,4,Churchill/Roussel,"absurd,  stupidity,  bungler,  deli-"
hakanivaniva,6,Churchill/Roussel,"queer,  bewitched,  stupe-"
noa,2,Churchill/Roussel,intensive.
uru,2,Churchill/Roussel,"noa,  to  enter  deeply."
ntou,2,Churchill/Roussel,"noa,  to  endure."
nohea,3,Churchill/Roussel,where?
hakanoho,4,Churchill/Roussel,"to  abolish,  to  rent,  to  lease,"
hakanohohia,6,Churchill/Roussel,stopped.
nohookotahi,6,Churchill/Roussel,isolated.
hakanohookotahi,8,Churchill/Roussel,id.
nohoturi,4,Churchill/Roussel,"to  kneel,  genuflexion."
nohue,3,Churchill/Roussel,ape-fish  T.
noi,2,Churchill/Roussel,"to  bend  down  toward  the  ground,  to  bow"
hakanoi,4,Churchill/Roussel,to  prostrate  oneself.
nokinoki,4,Churchill/Roussel,concave.
noku,2,Churchill/Roussel,mine.
nokunoku,4,Churchill/Roussel,throat.
noma,2,Churchill/Roussel,succulent.
nomanoma,4,Churchill/Roussel,"delicate,  sweet,  a  dainty."
nonoi,3,Churchill/Roussel,"to  implore,  to  beg  from  house  to"
noona,3,Churchill/Roussel,him.
nuehine,4,Churchill/Roussel,old  woman.
nui,2,Churchill/Roussel,"grave,  serious."
hakanui,4,Churchill/Roussel,"to  grow,  to  enlarge,  to  aug-"
nuia,3,Churchill/Roussel,to  prosper.
nuinui,4,Churchill/Roussel,"great,  large."
nuinuia,5,Churchill/Roussel,to  grow.
hakanuinui,6,Churchill/Roussel,to  amplify.
nunui,3,Churchill/Roussel,"great,  considerable,  plump,  enor-"
hakanunui,5,Churchill/Roussel,to  exaggerate.
nunu,2,Churchill/Roussel,thin.
nunupaka,4,Churchill/Roussel,id.
nuu,2,Churchill/Roussel,bile.
oa,2,Churchill/Roussel,"oa  atikea,  ignorant,  not  to  know."
oaha,3,Churchill/Roussel,actual.
oeoe,4,Churchill/Roussel,to  be  lame.
ohiohio,5,Churchill/Roussel,"whirlwind,  waterspout."
ohititika,5,Churchill/Roussel,to  go  in  various  directions.
hakaoho,4,Churchill/Roussel,"to  send,  a  messenger."
tnei,2,Churchill/Roussel,"nei  tehe  i  oho  mai  ai  incite  ikapotu,"
ohoa,3,Churchill/Roussel,"ku  ohoa,  absence,  to  keep  out  of  the"
ohu,2,Churchill/Roussel,"a  cry,  a  call,  to  speak  in  loud  tones,"
ohuohu,4,Churchill/Roussel,"to  applaud,  a  distant  sound."
oi,2,Churchill/Roussel,"to  approach,  draw  near."
hakaoi,4,Churchill/Roussel,to  toss  about.
oka,2,Churchill/Roussel,"digging  stick,  stake,  joist;  to  prick,  to"
okaoka,4,Churchill/Roussel,"a  fork,  to  prick,  to  dig."
okahia,4,Churchill/Roussel,to  prick.
oko,2,Churchill/Roussel,"ke,  considerable,  hard  to  under-"
okooko,4,Churchill/Roussel,ke  important.
omo,2,Churchill/Roussel,"rima  omo.  infidelity,  faithless,  unfaith-"
omoomo,4,Churchill/Roussel,"to  smack  the  lips,  to  suck  the"
hakaomoomo,6,Churchill/Roussel,"to  suckle,  to  pant."
oohia,4,Churchill/Roussel,absurd.
ooku,3,Churchill/Roussel,mine.
oona,3,Churchill/Roussel,his.
puo,2,Churchill/Roussel,"ei  oone,  to  daub."
oonea,4,Churchill/Roussel,dirty  T.
ooneoone,6,Churchill/Roussel,sandy.
oonevai,5,Churchill/Roussel,clay  T.
hakaoone,5,Churchill/Roussel,"to  pollute,  to  soil."
ootu,3,Churchill/Roussel,to  cook.
hakaootu,5,Churchill/Roussel,to  cook  in  an  oven.
oou,3,Churchill/Roussel,"you,  thou."
opata,3,Churchill/Roussel,"perpendicular,  vertical,  cliff,  precipice,"
opatatai,5,Churchill/Roussel,shore.
opeope,4,Churchill/Roussel,"spiritless,  to  waste  away,  to  fast,  to"
ora,2,Churchill/Roussel,"nui,  November,  October."
oraora,4,Churchill/Roussel,"oraora  no  iti,  to  be  better."
hakaunii,5,Churchill/Roussel,ora.  to  water.
oriare,4,Churchill/Roussel,miro  oriare  zigzag.
oroina,4,Churchill/Roussel,to  choke  on  a  fish  bone.
orooro,4,Churchill/Roussel,"to  whet,  to  sharpen  (horo)."
otu,2,Churchill/Roussel,hill  T.
otua,3,Churchill/Roussel,younger.
pa,1,Churchill/Roussel,"a   wall,    palisade,    parapet,    rampart,"
paatai,4,Churchill/Roussel,"salt,  salty."
pae,2,Churchill/Roussel,enough.
hakapae,4,Churchill/Roussel,"to  exhaust,  to  finish,  to  end,"
paea,3,Churchill/Roussel,"enough,  past."
paepae,4,Churchill/Roussel,"pavement,  plank,  canoe."
paero,3,Churchill/Roussel,"all,  total,  totality,  to  sweep  off  all."
paha,2,Churchill/Roussel,boar  (probably  a  borrowing).
pahae,3,Churchill/Roussel,"rent,  tear."
pahe,2,Churchill/Roussel,"like,  as."
pahera,3,Churchill/Roussel,tortoise  shell.
pahia,3,Churchill/Roussel,"hot,  to  sweat,  to  perspire."
pahora,3,Churchill/Roussel,to  expand.
pahti,2,Churchill/Roussel,"papaku,  coffin."
pahupahu,4,Churchill/Roussel,box.
pahuahi,4,Churchill/Roussel,"lantern,  beacon."
pahukumi,4,Churchill/Roussel,"closet,  cupboard."
pahupopo,4,Churchill/Roussel,a  mould.
pahupopokai,6,Churchill/Roussel,cupboard  for  food.
pahure,3,Churchill/Roussel,"to  wound,  to  lacerate,  scar,  bruise,"
pahurehure,5,Churchill/Roussel,"to  wound,  to  scratch."
hakapahure,5,Churchill/Roussel,to  wound.
paihi,3,Churchill/Roussel,"rent,  tear."
pakapaka,4,Churchill/Roussel,"crust,  scabby."
pakahera,4,Churchill/Roussel,"calabash,  shell,  jug."
pakahia,4,Churchill/Roussel,"to  clot,  curdle,  coagulate."
hakapakakina,6,Churchill/Roussel,"to  snap,  to  crack."
pakapakakina,6,Churchill/Roussel,"to  go  boldly,  to  run,  swift,"
hakapakapaka,6,Churchill/Roussel,"to   dry,    to   broil,    to"
pakeke,3,Churchill/Roussel,efi'rontery.
pakete,3,Churchill/Roussel,bucket.
pakiroki,4,Churchill/Roussel,"thin,  lean,  meager."
hakapakiroki,6,Churchill/Roussel,squat.
pakoa,3,Churchill/Roussel,"peu  pakoa,  an  axe  with  a  poor  helve."
pakuki,3,Churchill/Roussel,"to  run  away,  to  escape."
pakuku,3,Churchill/Roussel,"to  move,  to  stagger,  to  wallow."
pakupaku,4,Churchill/Roussel,"anguish,  to  shake."
panene,3,Churchill/Roussel,to  boil.
pao,2,Churchill/Roussel,"to  cut  off,  to  throw  a  lance."
paopao,4,Churchill/Roussel,"spade,  shovel,  rubbish,  to  lacerate,"
papa,2,Churchill/Roussel,shoulderblade.
papaa,3,Churchill/Roussel,"tanuga  papaa,  tomb."
papae,3,Churchill/Roussel,"barrier,  to  close."
papaka,3,Churchill/Roussel,"rua  papaka,  a  ditch."
papakina,4,Churchill/Roussel,"waves  which  surge,  disturbance,"
papakino,4,Churchill/Roussel,northerly  and  westerly  winds  of
papakona,4,Churchill/Roussel,thigh.
rua,2,Churchill/Roussel,"papaku,  grave."
papakuia,5,Churchill/Roussel,"in  a  hurry,  haste."
papapapa,4,Churchill/Roussel,"a  chill,  cold,  to  shiver,  to  tremble,"
paparaha,4,Churchill/Roussel,a  flat  stone  (paraha).
papatema,4,Churchill/Roussel,baptism.
pavau,3,Churchill/Roussel,to  bend  back  (of  sugar  canes).
papekoo,4,Churchill/Roussel,cemetery  T  (?  papaku).
hakapara,4,Churchill/Roussel,to  mellow.
paraha,3,Churchill/Roussel,flat.
parapara,4,Churchill/Roussel,"paper,  card."
pararaha,4,Churchill/Roussel,"flat,  sole  Q."
parau,3,Churchill/Roussel,"to  speak  T,  to  talk  T."
parehe,3,Churchill/Roussel,"to  break,  a  crack."
parei,3,Churchill/Roussel,to  sparkle  (of  the  eyes).
parera,3,Churchill/Roussel,"a  shallow,  a  reef."
hakaparera,5,Churchill/Roussel,"to  frighten,  to  scare."
pareu,3,Churchill/Roussel,"skirt,  apron."
pari,2,Churchill/Roussel,wave  breaking  on  shore.
paripari,4,Churchill/Roussel,"tai  paripari,  a  squall."
paru,2,Churchill/Roussel,"to  boast,  to  brag."
parue,3,Churchill/Roussel,throw  away  T  Q.
patara,3,Churchill/Roussel,"to  loosen,  to  unchain,  to  release."
hakapatara,5,Churchill/Roussel,"to  unite,  to  release,  to  set"
pateriareka,6,Churchill/Roussel,patriarch.
pati,2,Churchill/Roussel,"blister,  wart,  dropsy."
patoketoke,5,Churchill/Roussel,to  be  unsteady.
patupatu,4,Churchill/Roussel,page.
pau,2,Churchill/Roussel,resin.
pava,2,Churchill/Roussel,"peace,  to  cease  from  wrath."
hakapava,4,Churchill/Roussel,"to  make  peace,  to  pacify,  to"
peaha,3,Churchill/Roussel,"perhaps,    about,    possibly,    maybe,"
reoreo,4,Churchill/Roussel,"peaha,  unlikely,  improbable."
peapea,4,Churchill/Roussel,"an  erasure,  scratch."
hakapeapea,6,Churchill/Roussel,"to  efface,  to  erase."
peata,3,Churchill/Roussel,saint.
peau,3,Churchill/Roussel,to  sweep  all  away.
pehea,3,Churchill/Roussel,how.
peka,2,Churchill/Roussel,a  cross.
pekapeka,4,Churchill/Roussel,curly.
pekapekavae,6,Churchill/Roussel,instep  T.     (?  shoelaces.)
hakapeka,4,Churchill/Roussel,to  cross.
hakapekapeka,6,Churchill/Roussel,"to  interlace,  lattice."
peke,2,Churchill/Roussel,"to  succeed,  to  follow."
petia,3,Churchill/Roussel,"hakagau,  bit."
peni,2,Churchill/Roussel,paint.
pepe,2,Churchill/Roussel,a  sketch.
pepepepe,4,Churchill/Roussel,bedstead.
pepeke,3,Churchill/Roussel,"lean,    weak,    effeminate,    without"
pera,2,Churchill/Roussel,to  forbid  (peraa).
pere,2,Churchill/Roussel,"doleful,  lugubrious."
perehe,3,Churchill/Roussel,cicatrice  (plaie)  (eperehe).
perepitero,5,Churchill/Roussel,priest.
peropero,4,Churchill/Roussel,greedy.
hakaperopero,6,Churchill/Roussel,"to  famish,  to  starve."
petehe,3,Churchill/Roussel,"a  cut,  incision."
peti,2,Churchill/Roussel,"wind  in  the  belly,  to  blow."
peu,2,Churchill/Roussel,"axe,  adze,  mattock."
peupeu,4,Churchill/Roussel,to  groan.
peva,2,Churchill/Roussel,to  be  in  the  habit  of.
akui,3,Churchill/Roussel,"ei  piere  hiva,  to  tar."
hakapierehiva,7,Churchill/Roussel,to  tar.
pii,2,Churchill/Roussel,to  crush.
hakapiipii,6,Churchill/Roussel,id.
pikea,3,Churchill/Roussel,crab.
piki,2,Churchill/Roussel,"to  climb,  to  mount,  to  go  up."
pikipiki,4,Churchill/Roussel,"to  embark,  to  go  aboard."
hakapiki,4,Churchill/Roussel,to  climb.
piko,2,Churchill/Roussel,post.
hakapiko,4,Churchill/Roussel,"pliant,  to  bend."
pikopiko,4,Churchill/Roussel,crooked.
veo,2,Churchill/Roussel,"pikopiko,  arrow  that  flies  ill."
pine,2,Churchill/Roussel,"toto  pine,  bruise,  contusion."
piniku,3,Churchill/Roussel,mesh.
pipi,2,Churchill/Roussel,"to  blanch,  to  etiolate."
pipine,3,Churchill/Roussel,"to  be  wavy,  to  undulate."
pipu,2,Churchill/Roussel,bowl  R  (?  hipu).
pirari,3,Churchill/Roussel,honey.
pipiri,3,Churchill/Roussel,"to  stick,  glue,  gum."
hakapiri,4,Churchill/Roussel,"plaster,  to  solder."
hakapipiri,5,Churchill/Roussel,"to  glue,  to  gum,  to  coat,  to"
piria,3,Churchill/Roussel,"tagata  piria,  traitor."
piripou,4,Churchill/Roussel,ipiri  3-pou)  trousers.
piriukona,5,Churchill/Roussel,tattooing  on  the  hands.
hiakapipiro,6,Churchill/Roussel,infection.
pito,2,Churchill/Roussel,navel.
poa,2,Churchill/Roussel,"shock,  to  strike,  to  blot,  contagion."
poepoe,4,Churchill/Roussel,"canoe,  dugout  (paepae)."
pohiuhiu,5,Churchill/Roussel,boom  (of  a  sail).
pohutu,3,Churchill/Roussel,to  disfigure.
pohutua,4,Churchill/Roussel,defaced.
poihuihu,5,Churchill/Roussel,"bowsprit,  prow."
pokopoko,4,Churchill/Roussel,to  slap  water.
imitation,5,Churchill/Roussel,"of  drumming;  pokokina,"
pokoo,3,Churchill/Roussel,toothache.
hakapokopoko,6,Churchill/Roussel,to  deepen.
pokupoku,4,Churchill/Roussel,"to  overthrow,  to  capsize."
poopo,3,Churchill/Roussel,whitebait  T.
popo,2,Churchill/Roussel,waves  which  strike  one  another.
popopopo,4,Churchill/Roussel,to  deteriorate.
poporohiva,5,Churchill/Roussel,milk  thistle  T.
poreko,3,Churchill/Roussel,"to  lie  in,  to  give  birth,  to  procreate,"
porekoa,4,Churchill/Roussel,born.
poremo,3,Churchill/Roussel,abstinence.
poripori,4,Churchill/Roussel,negro.
poro,2,Churchill/Roussel,to  notch.
porohata,4,Churchill/Roussel,"to  sink  into  ruin,  to  crumble."
poroieko,5,Churchill/Roussel,"to  slip,  to  slide."
porokimo,4,Churchill/Roussel,next  (proximus).
potaka,3,Churchill/Roussel,"cart,  wagon."
hakapotaka,5,Churchill/Roussel,to  cart.
poti,2,Churchill/Roussel,boat.
popoto,3,Churchill/Roussel,laconic.
potopoto,4,Churchill/Roussel,short.
hakapoto,4,Churchill/Roussel,"to    decrease,    to    shorten,"
hakapotopoto,6,Churchill/Roussel,"to  abridge,  to  contract."
potu,2,Churchill/Roussel,"end,  tip."
potupotu,4,Churchill/Roussel,cockroach.
pou,2,Churchill/Roussel,"column,  post,  pillar."
pouri,3,Churchill/Roussel,darkness.
pohurihuri,5,Churchill/Roussel,gloom.
puru,2,Churchill/Roussel,"ki  te  hare  pohurihuri,   to   im-"
taheta,3,Churchill/Roussel,"pu,  fountain,  spring."
hakapu,3,Churchill/Roussel,"to  dowel,  to  pierce,  to  per-"
puhare,3,Churchill/Roussel,"emptiness,  vacuity."
pupuhihia,5,Churchill/Roussel,to  carry  on  the  wind.
hakapupuhi,5,Churchill/Roussel,"to  gush,  leaven,  volatilize."
puhipuhi,4,Churchill/Roussel,"to  smoke,  to  smoke  tobacco,"
puka,2,Churchill/Roussel,book.
pukao,3,Churchill/Roussel,crown.
puke,2,Churchill/Roussel,"to  hill  up  a  plant,  tb  heap  up,  to  collect."
hakapuke,4,Churchill/Roussel,"to  heap,  to  pile  up."
pukou,3,Churchill/Roussel,"germ,  shoot,  to  sprout."
puku,2,Churchill/Roussel,"pukti  haga  oao,  east,  east  wind."
pukupuku,4,Churchill/Roussel,"green,  immature."
puma,2,Churchill/Roussel,"pu  mat  puma,  good  night."
pumahana,4,Churchill/Roussel,heat.
hakapumaana,6,Churchill/Roussel,"to  heat,  to  scald."
puneki,3,Churchill/Roussel,"germ,  to  spring  up."
punekineki,5,Churchill/Roussel,"to  bubble,  to  boil."
punene,3,Churchill/Roussel,to  leak.
punipuni,4,Churchill/Roussel,to  dull.
puoa,3,Churchill/Roussel,clothed.
puopuo,4,Churchill/Roussel,to  display.
pupa,2,Churchill/Roussel,rat's  nest.
pupapupa,4,Churchill/Roussel,bubble  of  water.
pupu,2,Churchill/Roussel,"to  collect,  to  accumulate,  collection,"
pupupu,3,Churchill/Roussel,to  agglomerate.
hakapura,4,Churchill/Roussel,"to  illuminate,  to  make  bright,"
hakapupura,5,Churchill/Roussel,"to  shine  upon,  lustrous."
hakapurapura,6,Churchill/Roussel,phosphorescence.
purariki,4,Churchill/Roussel,tattooing  on  the  back.
purepure,4,Churchill/Roussel,"spotted,  dappled."
purepurea,5,Churchill/Roussel,spotted.
pureva,3,Churchill/Roussel,to  throw  a  stone.
purua,3,Churchill/Roussel,"covered,  shut  up,  seclusion."
puruhare,4,Churchill/Roussel,roof.
purukatorio,6,Churchill/Roussel,purgatory.
puta,2,Churchill/Roussel,fat.
puputa,3,Churchill/Roussel,"bulk,  voluminous."
hakaputaputa,6,Churchill/Roussel,to  gobble  gluttonously.
puti,2,Churchill/Roussel,"robust,  plump,  dropsy."
putuputu,4,Churchill/Roussel,"assiduous,    compact,    frequent,"
hakaputuputu,6,Churchill/Roussel,to  do  often.
rae,2,Churchill/Roussel,"commencement,  beginning,  to  strike"
rahirahi,4,Churchill/Roussel,"clear,  light,  thin,  flimsy."
hakarahirahi,6,Churchill/Roussel,a  scraper.
rahui,3,Churchill/Roussel,"to  forbid,  to  prohibit,  to  interdict."
rakau,3,Churchill/Roussel,wood.
hakakamikami,6,Churchill/Roussel,"ki   te    rakau,    to    im-"
hakarakerake,6,Churchill/Roussel,"causative,  to  make  bad,"
rakei,3,Churchill/Roussel,"an  ornament;  to  prepare,  to  embellish,"
rakeia,4,Churchill/Roussel,dressed  up.
rama,2,Churchill/Roussel,nut.
ranorano,4,Churchill/Roussel,"volcano,  crater."
rapa,2,Churchill/Roussel,to  polish.
hakarapa,4,Churchill/Roussel,"to  polish,  to  smooth."
raparapa,4,Churchill/Roussel,"to  glisten,  smooth;  tin,  zinc,"
hakaraparapa,6,Churchill/Roussel,"to  brighten,  to  plate."
rape,2,Churchill/Roussel,"room,  chamber."
rapehare,4,Churchill/Roussel,"hall,  room."
rapino,3,Churchill/Roussel,rabbit  {la pin).
rapo,2,Churchill/Roussel,pumice.
rapu,2,Churchill/Roussel,"work,  workman,  to  till  the  soil,  to  hoe."
rapurapua,5,Churchill/Roussel,"kaiga  rapurapna,  cultivated"
rara,2,Churchill/Roussel,"to  meddle  with,  to  insinuate  oneself,"
rarama,3,Churchill/Roussel,"to  inspect,  to  review."
rarara,3,Churchill/Roussel,"condemnation,  to  condemn."
rararara,4,Churchill/Roussel,to  heat.
rarau,3,Churchill/Roussel,"distrust,  mistrust."
rarirari,4,Churchill/Roussel,"muddy,  miry."
hakarari,4,Churchill/Roussel,"to  soak,  to  wet."
rarikau,4,Churchill/Roussel,go  away  T.
raro,2,Churchill/Roussel,"under,  below,  leeward."
rata,2,Churchill/Roussel,to  tame.
rate,2,Churchill/Roussel,rat.
rau,2,Churchill/Roussel,hundred.
raua,3,Churchill/Roussel,they.
rauhiva,4,Churchill/Roussel,"weak,   feeble,   ill,   malady,   fever,"
raupa,3,Churchill/Roussel,large  leaves.
hakarava,4,Churchill/Roussel,"to  enlarge,  to  augment,  to"
ravaika,4,Churchill/Roussel,to  fish.
ravakai,4,Churchill/Roussel,"glutton,  insatiable   (ravekai)."
ravakata,4,Churchill/Roussel,"jovial,  merry."
ravakakata,5,Churchill/Roussel,id.
ravaki,3,Churchill/Roussel,"to  prattle,  to  tell  stories,  loquacious,"
ravapeto,4,Churchill/Roussel,"to  blab,  to  speak  evil."
ravapure,4,Churchill/Roussel,"fervent,  earnest."
ravarae,4,Churchill/Roussel,invention.
ravatere,4,Churchill/Roussel,to  scare  away.
ravatotouti,6,Churchill/Roussel,"neku  ravatotouti,  agile."
reeree,4,Churchill/Roussel,black.
rehau,3,Churchill/Roussel,head  ornament  of  women's  hair.
reherehe,4,Churchill/Roussel,"weak,    feeble,    lean,    effeminate,"
hakareherehe,6,Churchill/Roussel,relaxed.
rehu,2,Churchill/Roussel,"to  omit,  to  forget,  to  faint."
rehurehu,4,Churchill/Roussel,"to  omit,   omission,  lost  to"
hakarehu,4,Churchill/Roussel,to  surprise.
rehua,3,Churchill/Roussel,unintelligible.
tooth,2,Churchill/Roussel,"of  the  cachalot,  an  object  held  in"
reirei,4,Churchill/Roussel,"to  trample  down,  to  knead,  to  pound."
reka,2,Churchill/Roussel,"then,  but,  or,  therefore."
hakareka,4,Churchill/Roussel,"to  amuse,  to  caress,  pleasant"
rekareka,4,Churchill/Roussel,"to  long  for,  an  adulterer."
hakarekareka,6,Churchill/Roussel,"to  tickle,  enjoyment."
reke,2,Churchill/Roussel,"spur,  talon,  claw,  heel  Q."
rekevae,4,Churchill/Roussel,"the  sole,  in  which  the  parent  sense"
rekireki,4,Churchill/Roussel,generous.
remereme,4,Churchill/Roussel,to  dazzle.
reo,2,Churchill/Roussel,"voice,  vocal,  word,  air  of  a  song,  lan-"
hakareoreo,6,Churchill/Roussel,to  tell  a  story.
ioua,4,Churchill/Roussel,"reo,  discussion  without  knowing"
hakaaroha,5,Churchill/Roussel,"reo,    vain   compassion,  to"
reone,3,Churchill/Roussel,lion.
repureva,4,Churchill/Roussel,neck  ornament  of  women  made  of
rerarera,4,Churchill/Roussel,surface  of  the  sea.
hetiiu,4,Churchill/Roussel,"rere,  meteor,  flying  star."
rerepe,3,Churchill/Roussel,crest.
rerere,3,Churchill/Roussel,to  spatter.
rero,2,Churchill/Roussel,to  daub.
rerorero,4,Churchill/Roussel,"to  crush,  to  bruise."
reru,2,Churchill/Roussel,calf  of  the  leg  T  (cf.  heru).
rerureru,4,Churchill/Roussel,fishgills.
retera,3,Churchill/Roussel,letter.
retu,2,Churchill/Roussel,tattooing  on  the  head.
reva,2,Churchill/Roussel,"to  hang,  to  suspend,  flag,  banner."
hakareva,4,Churchill/Roussel,to  hang  up.
hakarereva,5,Churchill/Roussel,"to  hang  up,  to  balance."
hakarevareva,6,Churchill/Roussel,to  wave.
ri,1,Churchill/Roussel,rice  {riz).
riha,2,Churchill/Roussel,"slow,  tardy."
rihariha,4,Churchill/Roussel,"feeble,  cooked  too  much."
rikiriki,4,Churchill/Roussel,"small,  dainty,  fine,  frail,  narrow."
riku,2,Churchill/Roussel,vine  (fern)  T.
rimaetua,5,Churchill/Roussel,supernatural.
meaning,3,Churchill/Roussel,in   Polynesian    theology.     The
rimahakaviriviri,8,Churchill/Roussel,"fist,  to  clench  the  fist,  a"
rimamaatoo,6,Churchill/Roussel,rapacious.
rimaroaroa,6,Churchill/Roussel,tahaga  middle  finger  T.
rimatitiri,5,Churchill/Roussel,to  walk  with  the  hands  behind
rimaruru,4,Churchill/Roussel,to  clasp  hands.
rimatuhi,4,Churchill/Roussel,henna  (?)  index  finger  T.
rimu,2,Churchill/Roussel,"seaweed,  slime,  seamoss."
hakaripoi,5,Churchill/Roussel,"disorder,  blunder,  to  invert"
riri,2,Churchill/Roussel,"animosity,   ill-will,   spite,   strength   T,"
hakarite,4,Churchill/Roussel,"koe,  unequal,  unfair,  incom-"
ritorito,4,Churchill/Roussel,"white,  neat,  clean,  handsome,  good-"
rivariva,4,Churchill/Roussel,"neatness,    effect,    seasouableness,"
hakatu,3,Churchill/Roussel,"rivariva,  fine  appearance."
hakariva,4,Churchill/Roussel,"happiness,  attention,  opera-"
roa,2,Churchill/Roussel,"long,  large,  extent."
roaroa,4,Churchill/Roussel,"to  grow,  height."
hakaroaroa,6,Churchill/Roussel,"to  lengthen,  to  develop."
hakaroroa,5,Churchill/Roussel,"to  extend,  prolong,  defer,"
roau,3,Churchill/Roussel,"to  assist,   to  celebrate,  to  venerate,"
roe,2,Churchill/Roussel,ant.
roho,2,Churchill/Roussel,head  (oho).
roi,2,Churchill/Roussel,knife  Q.
rona,2,Churchill/Roussel,"drawing,  traction."
rorirori,4,Churchill/Roussel,"to  stagger,  to  waver,  to  luff."
hakarori,4,Churchill/Roussel,to  tack  about.
roro,2,Churchill/Roussel,"head,  skull,  brains."
roto,2,Churchill/Roussel,"marsh,  swamp,  bog."
omitting,3,Churchill/Roussel,the  noise-beat  yet  leaves  it  in-
roturotu,4,Churchill/Roussel,to  take  to  pieces.
rou,2,Churchill/Roussel,"meaniea,  feather."
ru,1,Churchill/Roussel,"a  chill,  to  shiver,  to  shudder,  to  quake."
ruru,2,Churchill/Roussel,"fever,  chill,  to  shiver,  to  shake,  to"
hakarua,4,Churchill/Roussel,"to  vomit,  to  spew."
ruhi,2,Churchill/Roussel,succulent.
ruku,2,Churchill/Roussel,"to  bathe,  to  immerse,  to  swim  face"
hakaruku,4,Churchill/Roussel,"to   cover   with    water,    to"
rumaki,3,Churchill/Roussel,a  corpse  ready  for  burial.
runu,2,Churchill/Roussel,"to  pluck,  to  pick,  a  burden."
runurunu,4,Churchill/Roussel,a  representative.
rupa,2,Churchill/Roussel,handkerchief  T  (ropa).
rupou,3,Churchill/Roussel,to  be  in  a  frenzy.
ruruku,3,Churchill/Roussel,capstan.
rurururu,4,Churchill/Roussel,"to  drum,  to  shake."
rutirae,4,Churchill/Roussel,"author,  to  attack."
rutu,2,Churchill/Roussel,to  recite.
ta,1,Churchill/Roussel,of.
taaka,3,Churchill/Roussel,his.
taaku,3,Churchill/Roussel,mine.
taana,3,Churchill/Roussel,his.
taha,2,Churchill/Roussel,"to  bend,  sloping,  to  go  hither  and"
tahataha,4,Churchill/Roussel,"frontier,  horizon."
hakataha,4,Churchill/Roussel,"to  divert,  to  turn  away,  to"
tahae,3,Churchill/Roussel,"moe  tahae,  to  be  a  light  sleeper."
tahatahatai,6,Churchill/Roussel,coast.
tahe,2,Churchill/Roussel,"to  run  freely,  to  flow  (tehe  4)."
tahia,3,Churchill/Roussel,to  kill  Q.
tahito,3,Churchill/Roussel,to  intone.
tahitorae,5,Churchill/Roussel,intonation.
tahu,2,Churchill/Roussel,to  assist.
haka,2,Churchill/Roussel,"tahuga  to  put  in  pairs,  to  arrange."
tahuri,3,Churchill/Roussel,"to  pirouette,  to  turn  a  boat."
tahuti,3,Churchill/Roussel,"noa,  irruption."
hakatahuti,5,Churchill/Roussel,to  fight.
taitai,4,Churchill/Roussel,"brackish,  salty."
taie,3,Churchill/Roussel,"to  overflow,  to  go  beyond."
taiko,3,Churchill/Roussel,"fog,  mist."
hakataiko,5,Churchill/Roussel,id.
taka,2,Churchill/Roussel,a  dredge.
kaa,2,Churchill/Roussel,"in  the  same  sense,  Marquesas  takako  a"
takataka,4,Churchill/Roussel,"ball,  spherical,  round,  circle,"
hakatakataka,6,Churchill/Roussel,"to  round,  to  concen-"
takai,3,Churchill/Roussel,"a  curl,  to  tie."
takaikai,5,Churchill/Roussel,to  lace  up.
takaitakai,6,Churchill/Roussel,to  coil.
takapau,4,Churchill/Roussel,"a  fold,  inside  out."
takarameta,5,Churchill/Roussel,sacrament.
takatore,4,Churchill/Roussel,"hipu  takatore,  plate,  dish."
takeo,3,Churchill/Roussel,bitter.
takere,3,Churchill/Roussel,hill.
takoe,3,Churchill/Roussel,thine.
taku,2,Churchill/Roussel,"prediction,  prophecy,  prognostic,"
takurua,4,Churchill/Roussel,"full  of  stones,  pebbly,  stony,  a  path"
tama,2,Churchill/Roussel,to  align.
tamaiti,4,Churchill/Roussel,child.
tamaki,3,Churchill/Roussel,to  display.
tana,2,Churchill/Roussel,his.
tanoa,3,Churchill/Roussel,convolvulus  T.
tanu,2,Churchill/Roussel,"to  bury,  to  plant,  to  sow  seed,  to  inter,"
tao,2,Churchill/Roussel,"to  cook  in  an  oven,  to  sacrifice."
taora,3,Churchill/Roussel,"convulsive,  convulsion."
tatapa,3,Churchill/Roussel,"lateral,  bank."
tapatapa,4,Churchill/Roussel,edge.
tapani,3,Churchill/Roussel,"chisel,  scissors,  chopper,  to  shear,"
taperenakero,6,Churchill/Roussel,tabernacle.
tapoke,3,Churchill/Roussel,"to  go  hither  and  thither,  to  stumble,"
tapu,2,Churchill/Roussel,"to  forbid,  to  prohibit,  sacred,  holy."
hakatapu,4,Churchill/Roussel,"to  forbid,   to  prohibit,   to"
tapua,3,Churchill/Roussel,holy.
tara,2,Churchill/Roussel,dollar.
taratara,4,Churchill/Roussel,"prickly,  rough,  full  of  rocks."
tatara,3,Churchill/Roussel,to  make  a  genealogy.
tarai,3,Churchill/Roussel,"deluge,  sound  of  water."
taraia,4,Churchill/Roussel,rough-hewn.
tarake,3,Churchill/Roussel,maize.
tari,2,Churchill/Roussel,"to  pluck,  to  gather,  to  reap,  to  load."
hakatari,4,Churchill/Roussel,"to  conduct,  to  guide,  to  direct,"
tarirapa,4,Churchill/Roussel,to  gather.
tarotaro,4,Churchill/Roussel,"to  chide,  to  censure,  to  curse,  to"
tarupu,3,Churchill/Roussel,"to  oppose,  to  prevent,  to  hinder,"
hakatarupu,5,Churchill/Roussel,to  set  an  obstacle.
taruri,3,Churchill/Roussel,sprain.
taruriruri,5,Churchill/Roussel,"to  go  hither  and  thither,  to"
tata,2,Churchill/Roussel,"next,  proximity."
hakatata,4,Churchill/Roussel,to  bring  close  together.
tataku,3,Churchill/Roussel,"to   add,   to  calculate,   to   number."
tatari,3,Churchill/Roussel,"to  wait  for,  to  expect,  to  hope."
tatau,3,Churchill/Roussel,to  milk.
tatou,3,Churchill/Roussel,we.
tau,2,Churchill/Roussel,"fit,  worthy,  deserving,  opportune."
pet,1,Churchill/Roussel,"ra  tau,  system."
hakatau,4,Churchill/Roussel,necklace.
hakatautau,6,Churchill/Roussel,to  append.
taua,3,Churchill/Roussel,"to  come  to,  to  board."
tauaki,4,Churchill/Roussel,"to  hang  out  clothes,  to  air."
tauhoru,4,Churchill/Roussel,"heetti  tauhoru,  morning  star."
taukete,4,Churchill/Roussel,"brother-in-law,  sister-in-law."
uterine,4,Churchill/Roussel,"relationship,  in  the  Tongafiti  it  is"
taura,3,Churchill/Roussel,"thread,  cord,  twine,  strand."
tautau,4,Churchill/Roussel,fertile  (toutou).
taviri,3,Churchill/Roussel,"key,  lock,  to  turn  a  crank."
hakataviri,5,Churchill/Roussel,a  pair  of  compasses.
tea,2,Churchill/Roussel,"to  shine,  be  bright,  brilliant,  white."
teatea,4,Churchill/Roussel,"white,   blond,    pale,   colorless,"
hakateatea,6,Churchill/Roussel,"to  blanch,  to  bleach."
teaniho,4,Churchill/Roussel,"enamel  of  the  teeth,"
tehetehe,4,Churchill/Roussel,notch.
hakatehe,4,Churchill/Roussel,to  liquefy.
tehi,2,Churchill/Roussel,to  sneeze  (tehu  Q).
tehu,2,Churchill/Roussel,to  cough  (cf.  tehi).
teina,3,Churchill/Roussel,younger  brother  or  sister  or  cousin.
teitei,4,Churchill/Roussel,"to  grow,  to  mcrease,  to  raise,  to  ele-"
hakateitei,6,Churchill/Roussel,to  be  plentiful.
tekai,3,Churchill/Roussel,"curl,  a  round  ball,  as  of  twine."
teke,2,Churchill/Roussel,"teke  ki  nei,  as  far  as,  until  (?  tehe  i)."
metaku,3,Churchill/Roussel,"ki  te  tekeo,  sensitive  to  cold."
tekeotekeo,6,Churchill/Roussel,chilled.
teketeke,4,Churchill/Roussel,"crest,  ridge."
teki,2,Churchill/Roussel,to  traverse.
tekiteki,4,Churchill/Roussel,id.
tena,2,Churchill/Roussel,that.
tenei,3,Churchill/Roussel,this.
teni,2,Churchill/Roussel,"hopohopo  teni,  to  languish,"
teperanate,5,Churchill/Roussel,serpent.
tepuhanga,4,Churchill/Roussel,light  variable  rain  winds  T.
tera,2,Churchill/Roussel,every  one.
teratera,4,Churchill/Roussel,each.
tere,2,Churchill/Roussel,"to  depart,  to  run,  to  take  leave,  to"
terea,3,Churchill/Roussel,"rest,  defeat."
tetere,3,Churchill/Roussel,"to  beat  a  retreat,  to  go  away,"
teretere,4,Churchill/Roussel,"to  go  away,  hurrah."
hakatere,4,Churchill/Roussel,"to  set  free,  to  despatch,  to"
teretai,4,Churchill/Roussel,a  sailor.
tetetete,4,Churchill/Roussel,"fever,  to  tremble."
ti,1,Churchill/Roussel,dracaena.
tia,2,Churchill/Roussel,to  sew  (tiha  Q).
tiaporo,4,Churchill/Roussel,devil  (diabolus).
tute,2,Churchill/Roussel,"tiaporo,  exorcise."
tiha,2,Churchill/Roussel,"manava  tiha,  shortness  of  breath."
tika,2,Churchill/Roussel,class.
hakatika,4,Churchill/Roussel,"rava  hakatika,   to  follow  a"
hakatikea,5,Churchill/Roussel,"to  announce,  to  make  known,"
tiki,2,Churchill/Roussel,"sick,  ill."
tiko,2,Churchill/Roussel,menstruation.
tinitini,4,Churchill/Roussel,"million,  billion."
tini,2,Churchill/Roussel,"po,  midnight."
tino,2,Churchill/Roussel,"body,  matter."
tipatipa,4,Churchill/Roussel,"to  shake,  contortion,  drunk."
hakatipatipa,6,Churchill/Roussel,to  shake.
tipi,2,Churchill/Roussel,hip.
titaa,3,Churchill/Roussel,"crack,    demarcation,   line,    limit,    to"
hakatitaa,5,Churchill/Roussel,to  limit.
titititi,4,Churchill/Roussel,to  close  up.
hakatiti,4,Churchill/Roussel,to  adjust.
titia,3,Churchill/Roussel,full.
titika,3,Churchill/Roussel,"worthy,  exact,  formal,  lawful,  moral,"
titikahia,5,Churchill/Roussel,due.
titikamaaki,6,Churchill/Roussel,"direct,  perfect."
titiri,3,Churchill/Roussel,"to  abandon,  to  abjure."
titiro,3,Churchill/Roussel,to  admire.
tohuti,3,Churchill/Roussel,"to  run,  to  gallop,  to  trot,  to  make"
toka,2,Churchill/Roussel,a  rock  under  water.
toketoke,4,Churchill/Roussel,"to  steal,  to  rob,  to  extort,  to"
tokea,3,Churchill/Roussel,a  dupe.
tokenoho,4,Churchill/Roussel,intruder.
tokini,3,Churchill/Roussel,stocking.
tokoe,3,Churchill/Roussel,"thine,  yours."
tokoma,3,Churchill/Roussel,dog.
tokotoko,4,Churchill/Roussel,"stick,  cane,  crutches,  axe  helve,"
toku,2,Churchill/Roussel,mine.
tominika,4,Churchill/Roussel,"vSunday,  week."
tomo,2,Churchill/Roussel,"to  contain,  to  penetrate,  to  enter,  to"
tomoa,3,Churchill/Roussel,to  board.
hakatomo,4,Churchill/Roussel,"to  introduce,  to  drive  in,  to"
ton,1,Churchill/Roussel,a  his.
tono,2,Churchill/Roussel,"to  remove,  to  pass  over."
hakatono,4,Churchill/Roussel,"to  balance,  to  thrust  back,"
tonotono,4,Churchill/Roussel,"to  rush  upon,  to  shovel,  a"
totono,3,Churchill/Roussel,to  drive  back.
tonokio,4,Churchill/Roussel,to  strike.
tootahi,4,Churchill/Roussel,to  give  one  his  share.
hakatotopa,5,Churchill/Roussel,"to  excite,  to  foment."
topanihi,4,Churchill/Roussel,to  fall  head  foremost.
topapu,3,Churchill/Roussel,"man  topapu,  quite  unexpected."
toparia,4,Churchill/Roussel,"to  crumble,  ruin."
hakatoparia,6,Churchill/Roussel,to  demolish.
topatini,4,Churchill/Roussel,abortion.
tope,2,Churchill/Roussel,"soap,  to  wash  clothes."
hakatoru,4,Churchill/Roussel,triple.
totoi,3,Churchill/Roussel,"to  extirpate,  to  drag  away,  to  pull,  to"
totona,3,Churchill/Roussel,to  improve.
totoro,3,Churchill/Roussel,"to  go  on  all  fours,  to  creep,  to  crawl,"
tou,2,Churchill/Roussel,thine.
totoua,4,Churchill/Roussel,hostility.
hakatoua,5,Churchill/Roussel,"fighter,  warrior."
toutou,4,Churchill/Roussel,fertile  (tautau).
hakatoutou,6,Churchill/Roussel,to  fertilize.
toiivae,5,Churchill/Roussel,to  run.
hakauruuru,6,Churchill/Roussel,"touvae,  id."
tova,2,Churchill/Roussel,"kahu  tova,  jib."
tuaapapa,5,Churchill/Roussel,"haunch,  hip,  spine  T."
tuahuri,4,Churchill/Roussel,abortion.
tuakana,4,Churchill/Roussel,"elder,  elder  brother."
tuatua,4,Churchill/Roussel,to  glean.
tuha,2,Churchill/Roussel,"to  distribute,  to  share,  to  divide,  to"
tuhai,3,Churchill/Roussel,"old,  ancient,  antique,  inveterate,  lon-"
tuhaituhai,6,Churchill/Roussel,long  ago.
hakatuhai,5,Churchill/Roussel,"to  delay,  postpone."
tuitui,4,Churchill/Roussel,gold  T.
tuke,2,Churchill/Roussel,nape.
tukeua,4,Churchill/Roussel,the  shoulder  and  probably  in  tukiua
tukepaka,4,Churchill/Roussel,leafless.
tukituki,4,Churchill/Roussel,"to  pound,  to  copulate  T."
tuku,2,Churchill/Roussel,"to  give,  to  let  go,  to  deliver,  to  accord,"
tumoku,3,Churchill/Roussel,a  sprain.
tunu,2,Churchill/Roussel,"to  cook,  to  fry."
tupa,2,Churchill/Roussel,land  crab.
tupatupa,4,Churchill/Roussel,to   bring   in   one   dead    or
tupapaku,4,Churchill/Roussel,corpse.
tiipu,3,Churchill/Roussel,"he  aval,  of  rapid  growth."
hakatupu,4,Churchill/Roussel,"to    produce,    to   stimulate"
tupuaki,4,Churchill/Roussel,"near,  immediate,  closely,  face  to"
hakatupuaki,6,Churchill/Roussel,"to  accost,  to  advance,  to"
tupuna,3,Churchill/Roussel,"ancestors,  grandparents,  forefathers"
tupuraki,4,Churchill/Roussel,"occiput,  crown  of  the  head."
turi,2,Churchill/Roussel,knee.
turirima,4,Churchill/Roussel,elbow.
turituku,4,Churchill/Roussel,to  fall  on  the  knee.
turituri,4,Churchill/Roussel,dorsal  fin  Q.
turituririma,6,Churchill/Roussel,elbow  joint.
turiturivae,6,Churchill/Roussel,knee  joint.
turivare,4,Churchill/Roussel,abscess  at  the  knee.
turu,2,Churchill/Roussel,"to  fall  in  drops,  to  flow,  to  leak,  to"
hakaturu,4,Churchill/Roussel,"to  cause  to  descend,  to  lower,"
hakaturuturu,6,Churchill/Roussel,to  heave  and  pitch.
turumea,4,Churchill/Roussel,fine  grass  T.
turuvai,4,Churchill/Roussel,water  conduit.
tiitae,4,Churchill/Roussel,"hihi,  constipation."
tutu,2,Churchill/Roussel,"a  broom,  to  sweep,  to  clean."
hakatutu,4,Churchill/Roussel,to  set  joists.
tutui,3,Churchill/Roussel,"tutui  ohio,  chain."
tutuki,3,Churchill/Roussel,"shock,  contusion,  to  run  against,  to"
tutukia,4,Churchill/Roussel,to  run  foul  of.
tutuma,3,Churchill/Roussel,tree  trunk  T  (?  tumu).
tutumata,4,Churchill/Roussel,"ligament  of  the  ej'e,  orbit,  ejelid"
tutuu,3,Churchill/Roussel,bri.stling.
tuu,2,Churchill/Roussel,"noa,  perpendicular."
ttiu,2,Churchill/Roussel,"hakamate  tagata,  gallows."
hakatuu,4,Churchill/Roussel,"to  erect,  to  establish,  to  insti-"
tuua,3,Churchill/Roussel,to  be  reunited.
akatuu,4,Churchill/Roussel,symptom.
hakatuua,5,Churchill/Roussel,"spot,  mark."
hakatuutuu,6,Churchill/Roussel,demarcation.
tuuaviki,5,Churchill/Roussel,to  pout.
tuutuu,4,Churchill/Roussel,ventral  fin.
hakau,3,Churchill/Roussel,the  gums.
uaua,4,Churchill/Roussel,"vein,  tendon,  line."
hakauaua,6,Churchill/Roussel,to  mark  with  lines.
uapiki,4,Churchill/Roussel,cramps.
uero,3,Churchill/Roussel,"comet,   star,   twilight,   a   ray,    to   be"
huero,3,Churchill/Roussel,"vcravera,  burning  ray."
hueroero,5,Churchill/Roussel,a  ray.
ueue,4,Churchill/Roussel,to  shake  (eueue).
uhatu,3,Churchill/Roussel,to  displease.
uhi,2,Churchill/Roussel,yam.
uiui,4,Churchill/Roussel,to  ask  questions.
uira,3,Churchill/Roussel,"wheel,  helm."
uka,2,Churchill/Roussel,"uka  hoa,  female  friend,  companion."
ukauka,4,Churchill/Roussel,firewood.
uki,2,Churchill/Roussel,"digging-stick,  bayonet,   bodkin,  arrow"
uma,2,Churchill/Roussel,"chest,  breast."
umiumi,4,Churchill/Roussel,tattooing  on  the  chin.
umu,2,Churchill/Roussel,"cooking  place,  oven  (humu)."
uneki,3,Churchill/Roussel,"niho  uneki,  to  show  the  teeth."
unu,2,Churchill/Roussel,"to  drink,  liquor."
hakaunu,4,Churchill/Roussel,to  slake  thirst.
hakaunuora,6,Churchill/Roussel,to  water.
unuvai,4,Churchill/Roussel,to  drink  water.
hakaura,4,Churchill/Roussel,"to  cause  to  glow,  to  kindle,  to"
uraura,4,Churchill/Roussel,"vermilion,  scarlet."
ure,2,Churchill/Roussel,penis.
urei,3,Churchill/Roussel,"niho  urei,  to  show  the  teeth."
ureure,4,Churchill/Roussel,spiral.
uriuri,4,Churchill/Roussel,"black,  brown,  gray,  dark,  green,  blue,"
hakahurihuri,6,Churchill/Roussel,"dark,     obscurity,     to"
hakauru,4,Churchill/Roussel,"to  thread,  to  inclose,  to  admit,"
akauru,4,Churchill/Roussel,to  calk.
hakahuru,4,Churchill/Roussel,to  set  a  tenon  into  the  mor-
uta,2,Churchill/Roussel,"inland,  landward."
hakauta,4,Churchill/Roussel,to  give  passage.
uu,2,Churchill/Roussel,"acid,  to  be  sharp,  sour  (huu)."
uutu,3,Churchill/Roussel,to  fill.
uuu,3,Churchill/Roussel,red.
uva,2,Churchill/Roussel,grape.
va,1,Churchill/Roussel,"is  the  disorderly  cry   of  tumult,  and"
vaai,3,Churchill/Roussel,"to  alienate,  to  give  away."
karikari,4,Churchill/Roussel,"vae,  ankle."
vaea,3,Churchill/Roussel,predestined.
vaero,3,Churchill/Roussel,"tail  of  a  kite,  tail  of  a  bird  (uero)."
vahavaha,4,Churchill/Roussel,id.
vahio,3,Churchill/Roussel,young.
hakavai,4,Churchill/Roussel,"to  dissolve,  to  liquefy,  to  melt."
vaitara,4,Churchill/Roussel,winter  west  wind  T.
vaivai,4,Churchill/Roussel,weak.
vakavaka,4,Churchill/Roussel,narrow.
vanavana,4,Churchill/Roussel,feather  garland.
varavara,4,Churchill/Roussel,"no,  sometimes."
hakavaravara,6,Churchill/Roussel,"thinly  sown,  spaced."
hakavarevare,6,Churchill/Roussel,to  level.
vare,2,Churchill/Roussel,driveler.
hero,2,Churchill/Roussel,"varevare,  without  branches."
varikapau,5,Churchill/Roussel,"circumference,   to  surround,   a"
varu,2,Churchill/Roussel,eight.
varuvaru,4,Churchill/Roussel,"to  peel,  to  remove  the  bark,"
vau,2,Churchill/Roussel,"ko  vau,  I."
vavae,3,Churchill/Roussel,"to  separate,  to  disunite."
vavakai,4,Churchill/Roussel,appetite  (?  ravakai).
vavau,3,Churchill/Roussel,"rniro  vavan,  switch."
vavovavo,4,Churchill/Roussel,"echo,  sound  of  the  sea."
vekeveke,4,Churchill/Roussel,"eyelash,  banana  flower."
veku,2,Churchill/Roussel,humus.
hakavekuveku,6,Churchill/Roussel,"to  dampen,  to  wet."
veravera,4,Churchill/Roussel,"hot,   heat,   burning,   cooked"
hakavera,4,Churchill/Roussel,to  kindle.
hakaverapaka,6,Churchill/Roussel,to  heat  up.
hakaveravera,6,Churchill/Roussel,to  grill.
verevere,4,Churchill/Roussel,"shaggy,  hairy,  tow,  oakum."
veri,2,Churchill/Roussel,"myriapod,  centipede."
veveri,3,Churchill/Roussel,execrable.
veriveri,4,Churchill/Roussel,"abominable,  frightful,  hideous,"
vero,2,Churchill/Roussel,"arrow,  dart,  harpoon,  lance,  spear,"
vetevete,4,Churchill/Roussel,"to  untie,  to  unbutton,  to  unbridle,"
vevete,3,Churchill/Roussel,"to  absolve,  to  unchain,  to  untie,"
vevetea,4,Churchill/Roussel,"slack,  loose."
veuveu,4,Churchill/Roussel,"kahu  aruga  o  te  veuveu,  voyoX  (sail)."
veveveve,4,Churchill/Roussel,"to  hasten,   diligent,   greedy,"
viatiko,4,Churchill/Roussel,viaticum.
viku,2,Churchill/Roussel,sacred.
hakaviku,4,Churchill/Roussel,"to  consecrate,  to  interdict."
vinea,3,Churchill/Roussel,vine.
viretute,4,Churchill/Roussel,virtue.
hakaviri,4,Churchill/Roussel,"crank,  to  groom,  to  turn  a"
viriviri,4,Churchill/Roussel,"ball,  round,  oval,  bridge,  roll,"
hakaviriviri,6,Churchill/Roussel,"to  roll,  to  round."
vitiviti,4,Churchill/Roussel,crayfish.
voka,2,Churchill/Roussel,to  put  on  shoes.
vou,2,Churchill/Roussel,squeak  of  rats.
ngaro,2,Thomson,Absent
kamoi,3,Thomson,Adieu
mata hi,2,Thomson,Age
hangu,2,Thomson,Air
manava,3,Thomson,Abdomen
hann,1,Thomson,Aid
kari kari vae,2,Thomson,Aukle
ananake,4,Thomson,All (whole)
tupuna,3,Thomson,Aucestor
rima,2,Thomson,Arm
maori,3,Thomson,Artisan
ua noho toto,2,Thomson,Artery
vaha tonga,2,Thomson,Autumn
toki,2,Thomson,Ax
poe poe,2,Thomson,Vaka
kia,2,Thomson,Maita
mata,2,Thomson,Tutu
