matched_units,runs,side_a,from_a,to_a,side_b,from_b,to_b
64,7,Hr,Hr02@49,Hr04@0,Qr,Qr02@19,Qr03@40
46,6,Gr,Gr02@3,Gr04@8,Kr,Kr02@13,Kr05@5
33,3,Hr,Hr05@43,Hr06@4,Qr,Qr05@35,Qr05@54
25,2,Pv,Pv04@33,Pv04@50,Qv,Qv05@5,Qv05@22
23,2,Hr,Hr06@57,Hr07@12,Pr,Pr06@23,Pr06@42
22,3,Gr,Gr06@19,Gr07@14,Kv,Kv03@9,Kv04@17
19,2,Ca,Ca07@25,Ca08@7,Ca,Ca08@12,Ca08@26
18,2,Hr,Hr06@55,Hr07@10,Qr,Qr06@22,Qr06@41
17,1,Hr,Hr04@32,Hr04@48,Pr,Pr04@19,Pr04@35
16,2,Ca,Ca08@0,Ca08@15,Ca,Ca08@8,Ca08@26
16,2,Pr,Pr05@6,Pr05@24,Qr,Qr05@14,Qr05@31
15,2,Hr,Hr05@24,Hr05@35,Pr,Pr05@6,Pr05@18
15,1,Hv,Hv02@22,Hv02@36,Qv,Qv05@6,Qv05@20
15,1,Hv,Hv07@18,Hv07@32,Pv,Pv08@54,Pv09@3
14,1,Hr,Hr07@31,Hr07@44,Qr,Qr07@16,Qr07@29
14,1,Hr,Hr05@56,Hr06@11,Pr,Pr05@44,Pr05@57
14,2,Hr,Hr07@30,Hr07@45,Pr,Pr06@62,Pr07@14
14,2,Hv,Hv02@15,Hv02@31,Pv,Pv04@27,Pv04@43
14,1,Pv,Pv03@19,Pv03@32,Qv,Qv04@4,Qv04@17
14,1,Pv,Pv07@10,Pv07@23,Qv,Qv08@11,Qv08@24
13,1,Hr,Hr09@13,Hr09@25,Qr,Qr09@10,Qr09@22
13,2,Sb,Sb02@5,Sb02@12,Sb,Sb02@17,Sb02@24
12,1,Hr,Hr02@0,Hr02@11,Pr,Pr01@43,Pr02@5
12,1,Hr,Hr03@13,Hr03@24,Pr,Pr03@6,Pr03@17
12,1,Hr,Hr08@0,Hr08@11,Pr,Pr07@19,Pr07@30
12,1,Hv,Hv09@47,Hv09@58,Pv,Pv10@51,Pv11@6
12,3,Sb,Sb04@34,Sb04@41,Sb,Sb04@38,Sb04@47
12,2,Br,Br01@3,Br01@9,Br,Br01@16,Br01@25
11,1,Hr,Hr02@30,Hr02@40,Qr,Qr02@0,Qr02@10
11,1,Hr,Hr05@20,Hr05@30,Qr,Qr05@10,Qr05@20
11,1,Hr,Hr06@32,Hr06@42,Qr,Qr06@0,Qr06@10
11,1,Ca,Ca07@1,Ca07@11,Ca,Ca07@30,Ca08@8
11,1,Ca,Ca11@9,Ca11@19,Ca,Ca11@27,Ca12@4
10,1,Hr,Hr05@8,Hr05@17,Pr,Pr04@58,Pr04@67
10,1,Ca,Ca07@1,Ca07@10,Ca,Ca08@17,Ca08@26
10,1,Hv,Hv04@12,Hv04@21,Qv,Qv07@2,Qv07@11
10,1,Hv,Hv05@18,Hv05@27,Qv,Qv08@2,Qv08@11
10,1,Hv,Hv04@24,Hv04@33,Pv,Pv06@24,Pv06@33
10,1,Pv,Pv02@16,Pv02@25,Qv,Qv03@2,Qv03@11
10,1,Br,Br09@12,Br09@21,Bv,Bv03@10,Bv03@19
10,1,Gr,Gr07@33,Gr08@8,Gr,Gr08@19,Gr08@28
10,1,Pr,Pr03@11,Pr03@20,Qr,Qr03@5,Qr03@14
9,1,Hr,Hr08@0,Hr08@8,Qr,Qr07@36,Qr07@44
9,1,Hr,Hr01@8,Hr01@16,Pr,Pr01@6,Pr01@14
9,1,Hv,Hv06@18,Hv06@26,Pv,Pv07@63,Pv08@6
9,1,Pr,Pr05@29,Pr05@37,Qr,Qr05@37,Qr05@45
9,1,Pr,Pr07@5,Pr07@13,Qr,Qr07@21,Qr07@29
9,1,Pr,Pr07@19,Pr07@27,Qr,Qr07@36,Qr07@44
8,2,Hr,Hr04@56,Hr05@7,Qr,Qr04@35,Qr04@41
8,1,Ca,Ca07@3,Ca07@10,Ca,Ca08@8,Ca08@15
8,1,Ca,Ca10@20,Ca10@27,Ca,Ca11@13,Ca11@20
8,1,Hv,Hv05@33,Hv05@40,Qv,Qv08@17,Qv08@24
8,1,Hv,Hv03@25,Hv03@32,Pv,Pv05@29,Pv05@36
8,1,Hv,Hv05@33,Hv05@40,Pv,Pv07@16,Pv07@23
8,2,Hv,Hv06@42,Hv06@52,Pv,Pv08@22,Pv08@32
8,1,Pv,Pv01@7,Pv01@14,Qv,Qv02@30,Qv02@37
8,1,Pv,Pv03@7,Pv03@14,Qv,Qv03@42,Qv03@49
8,1,Pr,Pr05@43,Pr05@50,Qr,Qr05@47,Qr05@54
8,1,Aa,Aa05@16,Aa05@23,Ab,Ab07@37,Ab07@44
8,1,Aa,Aa07@36,Aa07@43,Aa,Aa07@58,Aa07@65
8,1,Er,Er01@26,Er02@0,Er,Er03@8,Er03@15
8,1,Ev,Ev04@0,Ev04@7,Gr,Gr05@15,Gr05@22
8,1,Hr,Hr01@2,Hr01@9,Ra,Ra05@25,Ra06@4
8,1,Hv,Hv12@31,Hv12@38,Ra,Ra05@7,Ra05@14
8,2,Er,Er09@24,Er09@33,Ra,Ra05@24,Ra06@4
7,1,Hr,Hr04@43,Hr04@49,Qr,Qr04@22,Qr04@28
7,1,Hr,Hr06@29,Hr06@35,Pr,Pr05@73,Pr06@1
7,1,Ca,Ca10@20,Ca10@26,Ca,Ca11@31,Ca12@4
7,1,Ca,Ca10@21,Ca10@27,Ca,Ca11@3,Ca11@9
7,1,Ca,Ca11@3,Ca11@9,Ca,Ca11@14,Ca11@20
7,1,Hv,Hv10@8,Hv10@14,Pv,Pv11@18,Pv11@24
7,1,Hv,Hv10@36,Hv10@42,Pv,Pv11@43,Pv11@49
7,1,Pr,Pr06@23,Pr06@29,Qr,Qr06@24,Qr06@30
7,1,Ab,Ab01@41,Ab01@47,Ab,Ab01@52,Ab01@58
7,1,Hr,Hr12@6,Hr12@12,Pv,Pv01@24,Pv02@5
6,1,Hr,Hr01@22,Hr01@27,Qr,Qr01@4,Qr01@9
6,1,Hr,Hr02@17,Hr02@22,Pr,Pr02@10,Pr02@15
6,1,Hr,Hr10@12,Hr10@17,Pr,Pr09@27,Pr09@32
6,1,Ca,Ca07@5,Ca07@10,Ca,Ca07@14,Ca07@19
6,1,Ca,Ca07@14,Ca07@19,Ca,Ca08@2,Ca08@7
6,1,Ca,Ca07@14,Ca07@19,Ca,Ca08@21,Ca08@26
6,1,Hv,Hv04@39,Hv04@44,Qv,Qv07@29,Qv07@34
6,1,Hv,Hv01@24,Hv01@29,Pv,Pv03@28,Pv03@33
6,1,Hv,Hv09@12,Hv09@17,Pv,Pv10@24,Pv10@29
6,1,Gr,Gr01@4,Gr01@9,Kr,Kr01@2,Kr01@7
6,1,Er,Er01@28,Er02@0,Er,Er02@36,Er03@0
6,1,Er,Er02@8,Er02@13,Er,Er02@22,Er02@27
5,1,Hr,Hr04@34,Hr04@38,Qr,Qr04@13,Qr04@17
5,1,Hr,Hr09@2,Hr09@6,Qr,Qr08@29,Qr08@33
5,1,Hr,Hr09@32,Hr09@36,Qr,Qr09@29,Qr09@33
5,1,Hr,Hr05@0,Hr05@4,Pr,Pr04@48,Pr04@52
5,1,Hr,Hr05@45,Hr05@49,Pr,Pr05@29,Pr05@33
5,1,Hr,Hr09@31,Hr09@35,Pr,Pr09@2,Pr09@6
5,1,Ca,Ca06@20,Ca06@24,Ca,Ca08@5,Ca08@9
5,1,Ca,Ca07@15,Ca07@19,Ca,Ca08@11,Ca08@15
5,1,Ca,Ca10@7,Ca10@11,Ca,Ca11@4,Ca11@8
5,1,Ca,Ca10@14,Ca10@18,Ca,Ca11@3,Ca11@7
5,1,Hv,Hv01@24,Hv01@28,Qv,Qv04@13,Qv04@17
5,1,Hv,Hv02@42,Hv02@46,Qv,Qv05@26,Qv05@30
5,1,Hv,Hv02@4,Hv02@8,Pv,Pv04@16,Pv04@20
5,1,Hv,Hv07@2,Hv07@6,Pv,Pv08@37,Pv08@41
5,1,Gr,Gr07@20,Gr07@24,Gr,Gr08@5,Gr08@9
5,1,Gr,Gr08@10,Gr08@14,Gr,Gr08@16,Gr08@20
5,1,Pr,Pr04@21,Pr04@25,Qr,Qr04@13,Qr04@17
5,1,Pr,Pr09@12,Pr09@16,Qr,Qr09@37,Qr09@41
5,1,Aa,Aa07@56,Aa07@60,Aa,Aa07@68,Aa07@72
5,1,Er,Er01@28,Er01@32,Er,Er06@29,Er06@33
5,1,Er,Er01@29,Er02@0,Er,Er02@9,Er02@13
5,1,Er,Er01@29,Er02@0,Er,Er02@23,Er02@27
5,1,Er,Er02@9,Er02@13,Er,Er02@37,Er03@0
5,1,Er,Er02@9,Er02@13,Er,Er03@11,Er03@15
5,1,Er,Er02@23,Er02@27,Er,Er02@37,Er03@0
5,1,Er,Er02@23,Er02@27,Er,Er03@11,Er03@15
5,1,Er,Er02@36,Er02@40,Er,Er06@29,Er06@33
5,1,Er,Er02@37,Er03@0,Er,Er03@11,Er03@15
5,1,Ab,Ab01@55,Ab01@59,Ab,Ab01@70,Ab01@74
5,1,Br,Br01@15,Br01@19,Br,Br01@20,Br01@24
5,1,Br,Br04@12,Br04@16,Br,Br04@20,Br04@24
5,1,Cb,Cb02@19,Cb02@23,Cb,Cb04@13,Cb04@17
5,1,Ev,Ev04@4,Ev04@8,Na,Na03@2,Na03@6
5,1,Ev,Ev06@9,Ev06@13,Hv,Hv12@34,Hv12@38
5,1,Ev,Ev06@9,Ev06@13,Ra,Ra05@10,Ra05@14
5,1,Hr,Hr11@18,Hr11@22,Qv,Qv02@21,Qv02@25
5,1,Qr,Qr08@35,Qr08@39,Qv,Qv03@26,Qv03@30
4,1,Hr,Hr07@20,Hr07@23,Qr,Qr07@4,Qr07@7
4,1,Hr,Hr08@41,Hr08@44,Qr,Qr08@12,Qr08@15
4,1,Hr,Hr10@0,Hr10@3,Qr,Qr09@39,Qr09@42
4,1,Hr,Hr01@41,Hr01@44,Pr,Pr01@33,Pr01@36
4,1,Hr,Hr02@37,Hr02@40,Pr,Pr02@29,Pr02@32
4,1,Hr,Hr03@50,Hr04@1,Pr,Pr03@43,Pr03@46
4,1,Ca,Ca06@20,Ca06@23,Ca,Ca07@8,Ca07@11
4,1,Ca,Ca07@7,Ca07@10,Ca,Ca07@25,Ca07@28
4,1,Ca,Ca07@16,Ca07@19,Ca,Ca07@25,Ca07@28
4,1,Ca,Ca07@25,Ca07@28,Ca,Ca08@4,Ca08@7
4,1,Ca,Ca10@7,Ca10@10,Ca,Ca10@15,Ca10@18
4,1,Ca,Ca10@14,Ca10@17,Ca,Ca10@21,Ca10@24
4,1,Ca,Ca10@14,Ca10@17,Ca,Ca11@14,Ca11@17
4,1,Ca,Ca10@14,Ca10@17,Ca,Ca11@32,Ca12@2
4,1,Ca,Ca11@3,Ca11@6,Ca,Ca11@32,Ca12@2
4,1,Hv,Hv03@11,Hv03@14,Pv,Pv05@16,Pv05@19
4,1,Hv,Hv04@2,Hv04@5,Pv,Pv06@0,Pv06@3
4,1,Hv,Hv05@46,Hv05@49,Pv,Pv07@28,Pv07@31
4,1,Hv,Hv06@2,Hv06@5,Pv,Pv07@42,Pv07@45
4,1,Hv,Hv06@31,Hv06@34,Pv,Pv08@9,Pv08@12
4,1,Hv,Hv09@29,Hv09@32,Pv,Pv10@38,Pv10@41
4,1,Pv,Pv02@30,Pv02@33,Qv,Qv03@20,Qv03@23
4,1,Pv,Pv06@42,Pv06@45,Qv,Qv07@32,Qv07@35
4,1,Gr,Gr06@10,Gr06@13,Kv,Kv02@15,Kv03@2
4,1,Gr,Gr07@20,Gr07@23,Gr,Gr08@25,Gr08@28
4,1,Pr,Pr02@29,Pr02@32,Qr,Qr02@7,Qr02@10
4,1,Pr,Pr04@30,Pr04@33,Qr,Qr04@22,Qr04@25
4,1,Pr,Pr08@34,Pr08@37,Qr,Qr09@0,Qr09@3
4,1,Pr,Pr09@3,Pr09@6,Qr,Qr09@29,Qr09@32
4,1,Aa,Aa05@2,Aa05@5,Ab,Ab04@78,Ab05@0
4,1,Aa,Aa05@9,Aa05@12,Ab,Ab07@28,Ab07@31
4,1,Aa,Aa01@31,Aa01@34,Aa,Aa01@39,Aa01@42
4,1,Aa,Aa04@43,Aa04@46,Aa,Aa04@51,Aa04@54
4,1,Aa,Aa05@59,Aa05@62,Aa,Aa05@66,Aa05@69
4,1,Er,Er01@11,Er01@14,Er,Er01@20,Er01@23
4,1,Er,Er01@11,Er01@14,Er,Er04@2,Er04@5
4,1,Er,Er01@20,Er01@23,Er,Er04@2,Er04@5
4,1,Er,Er01@30,Er02@0,Er,Er03@30,Er03@33
4,1,Er,Er02@9,Er02@12,Er,Er06@30,Er06@33
4,1,Er,Er02@10,Er02@13,Er,Er03@30,Er03@33
4,1,Er,Er02@23,Er02@26,Er,Er06@30,Er06@33
4,1,Er,Er02@24,Er02@27,Er,Er03@30,Er03@33
4,1,Er,Er02@38,Er03@0,Er,Er03@30,Er03@33
4,1,Er,Er03@11,Er03@14,Er,Er06@30,Er06@33
4,1,Er,Er03@12,Er03@15,Er,Er03@30,Er03@33
4,1,Er,Er06@13,Er06@16,Er,Er08@12,Er08@15
4,1,Sb,Sb02@9,Sb02@12,Sb,Sb02@15,Sb02@18
4,1,Sb,Sb06@33,Sb06@36,Sb,Sb06@40,Sb06@43
4,1,Sb,Sb07@11,Sb07@14,Sb,Sb07@27,Sb07@30
4,1,Ab,Ab01@3,Ab01@6,Ab,Ab01@62,Ab01@65
4,1,Ab,Ab01@8,Ab01@11,Ab,Ab02@5,Ab02@8
4,1,Ab,Ab01@16,Ab01@19,Ab,Ab07@6,Ab07@9
4,1,Ab,Ab01@44,Ab01@47,Ab,Ab01@70,Ab01@73
4,1,Ab,Ab03@12,Ab03@15,Ab,Ab05@21,Ab05@24
4,1,Cb,Cb06@9,Cb06@12,Cb,Cb06@16,Cb06@19
4,1,Hr,Hr11@9,Hr11@12,Qv,Qv02@12,Qv02@15
4,1,Qr,Qr08@34,Qr08@37,Qv,Qv04@35,Qv04@38
4,1,Aa,Aa07@22,Aa07@25,Ra,Ra07@12,Ra07@15
4,1,Aa,Aa07@56,Aa07@59,Ra,Ra07@5,Ra07@8
4,1,Aa,Aa07@68,Aa07@71,Ra,Ra07@5,Ra07@8
4,1,Ab,Ab04@13,Ab04@16,Ra,Ra06@10,Ra06@13
4,1,Ab,Ab07@10,Ab07@13,Qr,Qr09@2,Qr09@5
4,1,Bv,Bv06@19,Bv06@22,Hv,Hv01@24,Hv01@27
4,1,Bv,Bv06@19,Bv06@22,Pv,Pv03@28,Pv03@31
4,1,Bv,Bv06@19,Bv06@22,Qv,Qv04@13,Qv04@16
4,1,Bv,Bv09@25,Bv09@28,Gr,Gr01@4,Gr01@7
4,1,Bv,Bv12@12,Bv12@15,Gr,Gr02@19,Gr02@22
4,1,Bv,Bv09@25,Bv09@28,Kr,Kr01@2,Kr01@5
4,1,Bv,Bv12@12,Bv12@15,Kr,Kr03@7,Kr03@10
4,1,Bv,Bv12@12,Bv12@15,Ma,Ma02@16,Ma02@19
4,1,Ca,Ca01@1,Ca01@4,Hr,Hr01@1,Hr01@4
4,1,Da,Da03@11,Da03@14,Hv,Hv04@3,Hv04@6
4,1,Er,Er09@24,Er09@27,Pr,Pr01@0,Pr01@3
4,1,Er,Er09@32,Er09@35,Pr,Pr01@6,Pr01@9
4,1,Er,Er09@32,Er09@35,Hr,Hr01@8,Hr01@11
4,1,Ev,Ev01@17,Ev01@20,Pv,Pv06@26,Pv06@29
4,1,Ev,Ev03@11,Ev03@14,Sa,Sa02@21,Sa02@24
4,1,Gr,Gr02@19,Gr02@22,Ma,Ma02@16,Ma02@19
4,1,Gr,Gr05@11,Gr05@14,Sa,Sa05@23,Sa05@26
4,1,Gr,Gr05@19,Gr05@22,Na,Na03@2,Na03@5
4,1,Hr,Hr03@38,Hr03@41,Hr,Hr03@44,Hr03@47
4,1,Hr,Hr10@17,Hr10@20,Hr,Hr10@23,Hr10@26
4,1,Hv,Hv05@35,Hv05@38,Rb,Rb06@15,Rb06@18
4,1,Ia,Ia01@46,Ia01@49,Ia,Ia09@0,Ia09@3
4,1,Kr,Kr03@7,Kr03@10,Ma,Ma02@16,Ma02@19
4,1,Na,Na05@6,Na05@9,Na,Na05@16,Na05@19
4,1,Pr,Pr01@0,Pr01@3,Ra,Ra05@24,Ra05@27
4,1,Pr,Pr04@34,Pr04@37,Qv,Qv06@26,Qv06@29
4,1,Pr,Pr10@24,Pr10@27,Pr,Pr10@32,Pr10@35
4,1,Pv,Pv06@11,Pv06@14,Pv,Pv07@32,Pv07@35
4,1,Pv,Pv07@18,Pv07@21,Rb,Rb06@15,Rb06@18
4,1,Qr,Qr03@26,Qr03@29,Qr,Qr03@32,Qr03@35
4,1,Qv,Qv08@19,Qv08@22,Rb,Rb06@15,Rb06@18
