segment,length,head_signs
1,1,090
2,4,012 606 064 600
3,3,022 093 045
4,6,090 175 002 002 002 020
5,3,522 027 048
6,3,090 755 509
7,4,604 022 532 700
8,8,076 320 308 022 697 022 020 200
9,7,076 072 090 128 021 532 698
10,3,298 023 380
11,4,090 470 700 071
12,4,604 460 050 498
13,3,027 093 726
14,3,087 011 099
15,4,571 070 449 449
16,3,076 027 200
17,3,076 071 090
18,3,606 600 071
19,2,001 011
20,2,090 430
21,2,076 090
22,3,071 011 600
23,3,046 089 002
24,3,390 532 205
25,3,320 600 011
26,3,386 011 300
27,3,027 093 090
28,2,430 006
29,3,076 011 430
30,2,028 011
31,1,076
32,3,295 070 560
33,3,072 010 027
34,3,604 600 090
35,3,294 430 522
36,3,633 530 090
37,3,700 071 700
38,3,076 532 014
39,3,698 386 028
40,5,571 022 181 130 017
41,1,076
42,3,073 381 070
43,3,090 070 499
44,4,090 600 002 530
45,3,202 598 301
46,3,382 049 090
47,3,440 004 449
48,3,073 430 045
49,3,090 011 430
50,2,071 071
51,4,076 021 530 002
52,3,700 071 660
53,1,045
54,1,011
55,3,006 532 021
56,3,451 770 023
57,3,384 011 202
58,3,076 220 072
59,3,205 087 633
60,3,567 023 089
61,3,178 386 020
62,3,067 004 670
63,3,205 008 074
64,3,099 724 005
65,3,633 071 600
66,3,090 011 027
67,3,606 600 090
68,3,076 384 570
69,3,090 020 050
70,3,048 070 600
71,2,090 535
72,1,076
73,3,604 012 090
74,3,382 004 384
75,3,200 160 690
76,4,076 157 045 045
77,3,092 069 455
78,4,600 050 050 497
79,3,090 700 011
80,1,076
81,1,076
82,2,090 147
83,1,076
84,5,076 071 600 009 009
85,3,090 061 036
86,3,090 070 200
87,3,069 530 205
88,3,225 071 274
89,3,604 532 700
90,3,700 430 002
91,3,606 530 072
92,5,067 004 451 128 530
93,3,090 013 073
94,2,027 530
95,1,076
96,3,067 004 038
97,3,205 071 205
98,5,604 006 095 200 690
99,3,129 049 499
100,3,090 005 406
101,3,011 011 049
102,2,205 071
103,1,076
104,2,385 071
105,3,090 087 499
106,3,023 146 001
107,3,280 160 676
108,4,023 022 530 451
109,3,430 530 298
110,4,076 071 018 049
111,2,208 460
112,3,051 011 093
113,3,205 070 430
114,3,200 160 070
115,3,205 071 202
116,3,604 530 099
117,4,146 420 021 600
118,4,604 071 011 600
119,3,066 245 003
120,3,430 006 700
121,3,071 010 071
122,3,604 148 090
123,3,009 002 499
124,3,606 146 027
125,4,071 010 522 002
126,2,726 531
127,2,002 532
128,1,726
129,7,244 073 071 129 129 071 381
130,3,200 532 005
131,3,076 200 049
132,3,076 490 320
133,4,020 037 037 097
134,3,451 254 600
135,5,208 007 146 384 090
136,1,090
137,7,090 020 087 529 005 005 005
138,7,204 022 536 005 128 071 599
139,2,606 571
140,4,027 530 600 060
141,3,090 070 600
142,3,021 087 291
143,3,090 386 202
144,1,028
145,1,011
146,4,002 021 460 522
147,4,090 001 048 048
148,2,430 006
149,3,129 190 445
150,3,009 002 254
151,2,090 071
152,3,633 020 150
153,2,090 087
154,1,090
155,3,090 071 295
156,5,090 013 291 755 755
157,3,606 004 185
158,3,430 530 381
159,3,090 071 007
160,3,021 087 224
161,2,222 532
162,5,606 050 128 071 090
163,5,099 522 011 004 028
164,3,208 020 090
165,3,099 070 146
166,4,090 071 004 004
167,3,021 057 002
168,2,406 071
169,1,604
170,1,076
171,3,206 460 600
172,1,720
173,2,076 007
174,5,004 004 220 530 040
175,3,076 700 298
176,3,071 010 090
177,3,178 728 146
178,3,208 148 200
179,2,366 090
180,3,090 505 633
181,3,071 071 496
182,3,072 010 090
183,2,090 020
184,3,690 062 513
185,3,049 739 208
186,2,200 534
187,3,723 071 009
188,2,090 013
189,2,076 006
190,2,755 400
191,4,001 021 530 061
192,2,048 006
193,1,076
194,3,630 010 006
195,3,700 537 099
196,2,755 073
197,4,076 168 701 302
198,3,002 430 090
199,4,091 298 726 430
200,1,006
201,2,202 006
202,3,055 600 001
203,6,076 534 300 606 010 634
204,3,148 069 027
205,3,067 149 593
206,2,755 150
207,3,021 087 755
208,1,404
209,2,076 001
210,4,700 381 023 023
211,3,090 013 070
212,3,202 073 639
213,4,005 020 146 129
214,3,129 530 376
215,2,499 430
216,4,099 071 632 670
217,3,404 158 008
218,2,720 530
219,3,076 055 052
220,6,090 001 224 607 600 053
221,3,029 070 305
222,3,404 712 400
223,3,430 055 300
224,6,067 149 090 090 090 090
225,4,009 600 023 099
226,3,090 280 139
227,3,049 451 458
228,2,604 075
229,1,076
230,2,600 161
231,1,076
232,2,002 430
233,3,076 044 095
234,2,240 001
235,1,076
236,2,076 071
237,2,430 001
238,1,076
239,4,604 048 600 400
240,2,222 071
241,1,076
242,2,069 095
243,3,001 069 570
244,3,720 070 073
245,3,090 070 027
246,3,141 729 021
247,2,604 090
248,3,220 670 021
249,3,090 001 071
250,3,099 532 700
251,3,076 168 472
252,3,470 533 538
253,3,008 142 461
254,3,076 168 600
255,3,090 280 067
256,5,194 700 001 001 074
257,3,049 149 518
258,3,090 070 532
259,3,084 670 700
260,3,090 607 073
261,3,240 700 535
262,3,440 073 631
263,6,024 384 372 090 002 010
264,3,076 068 430
265,3,522 071 090
266,3,451 027 430
267,5,071 500 041 420 430
268,3,069 280 050
269,1,445
270,1,430
271,3,630 386 700
272,6,280 420 065 381 006 002
273,2,514 071
274,1,076
275,4,029 022 280 280
276,3,326 532 631
277,4,499 532 631 631
278,3,499 532 501
279,3,499 053 200
280,3,070 472 729
281,4,071 037 037 073
282,3,048 069 499
283,3,071 400 002
284,3,430 168 090
285,3,470 533 001
286,3,022 074 282
287,1,630
288,1,001
289,3,024 480 730
290,3,095 670 720
291,2,021 607
292,2,755 607
293,2,090 057
294,2,600 161
295,5,090 070 071 600 205
296,3,076 092 052
297,3,069 200 023
298,3,440 532 100
299,2,004 290
300,1,062
301,3,076 099 204
302,3,503 057 700
303,3,472 075 440
304,3,024 090 050
305,3,045 600 087
306,1,700
307,1,076
308,3,720 070 701
309,4,214 298 700 071
310,2,604 700
311,3,604 071 600
312,2,050 002
313,3,076 092 535
314,3,208 532 244
315,3,090 057 600
316,1,700
317,2,076 177
318,3,700 057 741
319,3,430 532 200
320,3,059 074 379
321,3,002 244 280
322,3,001 532 071
323,3,700 480 600
324,3,005 420 519
325,2,006 073
326,3,430 006 040
327,3,002 240 382
328,4,076 053 472 021
329,2,386 001
330,3,150 001 526
331,3,383 280 472
332,3,790 445 027
333,3,061 193 006
334,1,406
335,1,076
336,3,755 090 090
337,3,720 070 091
338,3,430 053 600
339,3,090 057 240
340,3,059 001 176
341,8,504 430 060 379 064 379 064 002
342,3,048 019 440
343,2,741 009
344,7,076 304 006 070 024 631 048
345,3,690 670 206
346,6,383 280 700 224 600 069
347,2,047 024
348,3,021 760 048
349,2,004 006
350,2,430 769
351,3,381 734 503
352,3,381 006 070
353,3,023 760 571
354,3,005 600 090
355,3,700 726 499
356,2,200 420
357,3,700 726 130
358,3,430 774 144
359,3,001 760 306
360,3,606 026 600
361,2,200 530
362,2,320 022
363,3,074 053 050
364,3,700 700 746
365,3,600 211 049
366,3,280 376 376
367,3,023 760 386
368,2,700 571
369,2,075 191
370,1,076
371,3,049 179 598
372,3,430 005 090
373,2,073 720
374,3,020 700 071
375,4,700 006 700 208
376,2,430 001
377,1,076
378,2,280 340
379,3,600 061 600
380,3,059 781 503
381,2,430 005
382,2,076 090
383,2,700 021
384,3,451 006 208
385,3,090 072 205
386,1,090
387,3,029 048 700
388,3,073 075 720
389,3,059 400 280
390,3,379 200 059
391,3,280 391 002
392,3,200 445 499
393,3,049 509 600
394,2,430 168
395,1,076
396,4,059 532 204 048
397,1,076
398,5,430 021 326 276 200
399,4,076 021 506 205
400,3,700 066 029
401,3,582 207 060
402,3,002 184 006
403,3,396 736 356
404,3,306 161 470
405,3,001 530 002
406,3,736 532 314
407,3,526 320 376
408,6,021 001 381 755 406 290
409,3,386 189 002
410,3,095 155 500
411,3,205 700 670
412,3,195 002 700
413,3,386 053 700
414,3,466 600 517
415,3,065 600 276
416,3,040 534 600
417,3,386 600 591
418,2,081 386
419,4,305 043 300 385
420,2,204 254
421,3,499 539 205
422,2,074 530
423,3,326 600 510
424,2,092 522
425,5,010 079 004 680 001
426,3,306 305 306
427,2,540 510
428,3,002 600 776
429,2,002 326
430,4,004 021 291 020
431,6,010 047 063 522 760 290
432,3,206 510 092
433,3,202 726 002
434,3,001 200 726
435,3,571 005 023
436,2,092 090
437,3,053 020 019
438,3,099 071 513
439,3,001 069 051
440,3,547 670 055
441,3,440 071 090
442,1,047
443,2,076 290
444,1,071
445,3,406 011 200
446,3,071 010 029
447,3,633 011 090
448,3,090 530 090
449,3,090 011 130
450,5,693 529 090 023 050
451,3,606 071 290
452,3,076 071 607
453,2,208 090
454,3,305 071 009
455,2,008 049
456,3,606 700 008
457,4,090 020 600 379
458,2,001 029
459,3,700 011 091
460,3,430 200 380
461,3,002 055 209
462,2,076 209
463,2,076 600
464,3,633 690 150
465,5,202 006 055 760 036
466,2,026 055
467,4,006 073 050 050
468,3,055 536 006
469,2,011 670
470,3,430 006 382
471,4,090 300 070 099
472,2,606 406
473,4,064 055 280 065
474,2,591 011
475,1,076
476,4,021 021 020 069
477,6,071 126 161 150 005 619
478,3,430 055 168
479,3,072 011 073
480,2,027 002
481,3,009 071 002
482,1,536
483,1,020
484,3,007 071 700
485,4,430 022 530 062
486,3,726 011 386
487,3,090 013 755
488,3,072 010 006
489,4,076 600 071 049
490,3,280 023 400
491,3,070 020 073
492,7,076 071 700 128 071 530 700
493,3,730 071 729
494,3,073 381 700
495,3,090 005 084
496,5,600 071 021 090 600
497,2,604 070
498,1,076
499,3,670 532 040
500,3,700 071 670
501,3,009 727 008
502,3,090 255 067
503,3,606 070 027
504,2,090 700
505,1,076
506,1,006
507,1,071
508,2,090 071
509,1,076
510,2,430 001
511,1,076
512,1,076
513,6,002 055 072 161 071 498
514,3,430 049 400
515,3,294 006 010
516,4,099 530 600 021
517,3,006 537 001
518,5,696 013 504 070 026
519,4,386 590 724 724
520,6,090 530 499 178 291 499
521,3,027 386 440
522,3,606 011 082
523,2,386 531
524,3,072 006 600
525,4,376 211 048 048
526,3,633 690 700
527,3,400 012 700
528,3,076 017 600
529,3,071 175 600
530,3,090 011 400
531,2,600 384
532,1,076
533,3,430 049 400
534,3,027 006 020
535,3,207 380 027
536,2,028 011
537,1,076
538,3,071 010 053
539,3,002 006 499
540,3,107 010 400
541,2,090 070
542,3,073 011 090
543,3,090 071 600
544,3,053 020 050
545,5,071 011 001 005 006
546,3,596 726 400
547,6,070 020 070 128 200 700
548,3,071 071 090
549,3,090 070 205
550,7,430 010 090 700 021 066 400
551,3,071 072 161
552,3,007 536 700
553,2,430 006
554,3,071 011 020
555,3,045 055 600
