sign,nn1,s1,nn2,s2,nn3,s3
001,053,0.432,073,0.421,065,0.420
002,020,0.386,175,0.381,510,0.375
003,002,0.338,518,0.336,517,0.325
004,010,0.446,074,0.422,045,0.419
005,090,0.405,593,0.398,070,0.397
006,060,0.419,055,0.411,440,0.403
007,150,0.398,080,0.382,151,0.382
008,517,0.378,034,0.372,118,0.366
009,089,0.424,086,0.419,569,0.401
010,062,0.448,004,0.446,052,0.434
011,073,0.407,724,0.404,024,0.395
012,013,0.442,147,0.407,111,0.401
013,012,0.442,070,0.414,149,0.406
014,093,0.382,070,0.379,591,0.378
015,063,0.416,160,0.400,053,0.400
016,011,0.375,017,0.325,037,0.317
017,103,0.389,700,0.379,046,0.362
018,080,0.397,149,0.390,070,0.387
019,158,0.444,156,0.430,155,0.406
020,022,0.404,174,0.400,100,0.390
021,109,0.380,459,0.373,100,0.358
022,023,0.455,024,0.452,073,0.433
023,022,0.455,040,0.447,024,0.443
024,022,0.452,023,0.443,700,0.428
025,676,0.397,145,0.380,020,0.379
026,027,0.439,051,0.433,143,0.409
027,026,0.439,058,0.423,051,0.401
028,150,0.381,589,0.374,410,0.364
029,724,0.418,153,0.405,159,0.404
030,517,0.374,774,0.357,581,0.353
031,120,0.363,468,0.354,354,0.352
032,110,0.388,046,0.383,109,0.376
033,509,0.357,642,0.348,651,0.346
034,599,0.392,020,0.383,039,0.377
035,092,0.363,654,0.357,082,0.352
036,639,0.323,038,0.319,770,0.318
037,724,0.401,061,0.368,040,0.367
038,039,0.388,167,0.385,512,0.381
039,512,0.390,038,0.388,034,0.377
040,023,0.447,724,0.429,055,0.418
041,020,0.389,022,0.372,025,0.366
042,376,0.329,487,0.322,531,0.318
043,209,0.328,168,0.321,771,0.320
044,135,0.397,074,0.390,053,0.389
045,048,0.447,046,0.426,023,0.422
046,110,0.445,045,0.426,700,0.420
047,150,0.355,349,0.347,410,0.344
048,045,0.447,023,0.421,700,0.420
049,123,0.389,066,0.385,773,0.379
050,053,0.403,015,0.397,156,0.387
051,026,0.433,027,0.401,143,0.388
052,010,0.434,064,0.430,053,0.421
053,001,0.432,052,0.421,010,0.410
054,159,0.406,055,0.394,053,0.381
055,023,0.426,040,0.418,052,0.411
056,058,0.428,057,0.421,027,0.392
057,056,0.421,058,0.396,027,0.384
058,056,0.428,027,0.423,057,0.396
059,145,0.392,676,0.384,790,0.379
060,006,0.419,053,0.406,055,0.403
061,040,0.387,724,0.384,062,0.375
062,010,0.448,724,0.420,040,0.417
063,015,0.416,160,0.403,040,0.403
064,052,0.430,077,0.407,023,0.401
065,710,0.443,066,0.434,001,0.420
066,123,0.450,065,0.434,710,0.431
067,569,0.423,568,0.409,580,0.400
068,085,0.384,131,0.382,149,0.373
069,569,0.405,440,0.396,580,0.391
070,149,0.457,150,0.431,146,0.423
071,010,0.399,066,0.383,075,0.375
072,550,0.384,280,0.377,260,0.374
073,022,0.433,724,0.429,066,0.424
074,004,0.422,045,0.421,040,0.411
075,071,0.375,678,0.365,157,0.361
076,146,0.397,001,0.397,710,0.395
077,064,0.407,135,0.391,724,0.390
078,079,0.406,571,0.356,144,0.346
079,078,0.406,141,0.371,029,0.370
080,149,0.411,140,0.406,151,0.403
081,082,0.419,131,0.401,149,0.400
082,081,0.419,092,0.412,591,0.411
083,110,0.414,046,0.401,450,0.392
084,149,0.404,115,0.402,101,0.394
085,149,0.416,131,0.415,080,0.398
086,009,0.419,087,0.411,569,0.389
087,088,0.455,086,0.411,089,0.389
088,087,0.455,571,0.388,086,0.379
089,599,0.438,449,0.437,593,0.436
090,091,0.470,593,0.428,769,0.418
091,090,0.470,769,0.416,070,0.408
092,082,0.412,769,0.401,517,0.396
093,571,0.407,014,0.382,599,0.379
094,149,0.410,080,0.401,070,0.389
095,005,0.391,144,0.383,070,0.383
096,567,0.372,515,0.371,034,0.368
097,509,0.367,654,0.364,409,0.351
098,522,0.357,550,0.355,599,0.350
099,592,0.411,522,0.409,518,0.400
100,020,0.390,025,0.370,022,0.368
101,164,0.404,084,0.394,157,0.393
102,580,0.384,568,0.382,012,0.379
103,017,0.389,032,0.368,110,0.361
104,170,0.336,586,0.335,484,0.333
105,147,0.392,012,0.391,111,0.388
106,066,0.386,053,0.378,722,0.377
107,569,0.416,010,0.414,450,0.412
108,392,0.375,133,0.373,110,0.359
109,021,0.380,032,0.376,110,0.375
110,046,0.445,083,0.414,045,0.400
111,012,0.401,013,0.393,053,0.388
112,681,0.384,680,0.383,107,0.380
113,231,0.386,215,0.381,311,0.364
115,084,0.402,146,0.398,773,0.389
116,127,0.388,654,0.349,556,0.344
117,710,0.417,066,0.413,065,0.404
118,092,0.394,517,0.390,130,0.386
119,665,0.365,761,0.359,684,0.355
120,129,0.383,031,0.363,160,0.356
121,147,0.381,054,0.370,160,0.369
122,599,0.379,162,0.355,070,0.351
123,066,0.450,157,0.409,073,0.395
124,774,0.398,517,0.390,520,0.390
125,458,0.330,743,0.324,113,0.322
126,770,0.365,034,0.363,550,0.357
127,116,0.388,094,0.381,409,0.340
128,139,0.379,445,0.369,151,0.366
129,120,0.383,077,0.370,064,0.367
130,118,0.386,194,0.363,518,0.360
131,149,0.422,085,0.415,157,0.401
132,001,0.393,159,0.388,065,0.387
133,773,0.376,108,0.373,503,0.372
134,053,0.389,029,0.376,161,0.369
135,045,0.408,053,0.405,004,0.401
139,150,0.392,151,0.391,027,0.390
140,070,0.409,080,0.406,149,0.404
141,142,0.442,143,0.411,144,0.382
142,141,0.442,143,0.422,144,0.417
143,142,0.422,141,0.411,026,0.409
144,142,0.417,095,0.383,141,0.382
145,027,0.395,059,0.392,025,0.380
146,070,0.423,065,0.419,073,0.417
147,012,0.407,019,0.400,146,0.398
148,150,0.425,149,0.418,070,0.409
149,070,0.457,150,0.437,131,0.422
150,149,0.437,151,0.437,070,0.431
151,150,0.437,149,0.413,392,0.411
152,153,0.437,154,0.426,143,0.396
153,154,0.446,152,0.437,155,0.409
154,153,0.446,152,0.426,026,0.402
155,156,0.456,158,0.427,153,0.409
156,155,0.456,158,0.443,019,0.430
157,070,0.409,123,0.409,149,0.406
158,019,0.444,156,0.443,155,0.427
159,073,0.412,156,0.412,158,0.411
160,063,0.403,015,0.400,012,0.398
161,053,0.382,073,0.374,157,0.374
162,166,0.391,163,0.391,151,0.389
163,165,0.446,166,0.409,164,0.395
164,101,0.404,165,0.399,163,0.395
165,163,0.446,166,0.435,164,0.399
166,165,0.435,163,0.409,162,0.391
167,038,0.385,039,0.368,034,0.367
168,529,0.410,771,0.403,762,0.401
169,720,0.361,383,0.345,382,0.344
170,382,0.363,586,0.362,752,0.362
171,028,0.357,256,0.356,196,0.349
172,386,0.379,366,0.368,456,0.355
173,174,0.400,020,0.362,175,0.353
174,173,0.400,020,0.400,175,0.376
175,752,0.392,165,0.388,182,0.381
176,246,0.372,344,0.355,626,0.355
177,178,0.350,038,0.314,770,0.312
178,586,0.362,770,0.356,177,0.350
179,293,0.362,309,0.359,601,0.359
180,326,0.429,336,0.404,246,0.403
181,230,0.436,570,0.435,590,0.432
182,585,0.415,755,0.392,752,0.391
183,726,0.429,366,0.409,386,0.385
184,610,0.399,502,0.393,431,0.390
185,505,0.423,575,0.403,371,0.390
186,610,0.426,590,0.420,181,0.415
187,341,0.380,340,0.376,245,0.365
188,302,0.410,201,0.406,504,0.403
189,590,0.407,593,0.403,610,0.397
190,509,0.335,033,0.325,097,0.323
191,220,0.436,320,0.422,331,0.412
192,291,0.408,290,0.397,578,0.395
193,331,0.400,550,0.396,584,0.393
194,719,0.369,130,0.363,773,0.360
195,568,0.386,631,0.385,701,0.380
196,626,0.370,624,0.368,492,0.363
200,300,0.450,590,0.438,520,0.422
201,205,0.454,302,0.435,305,0.424
202,582,0.429,376,0.427,232,0.424
203,302,0.430,574,0.427,282,0.426
204,206,0.452,292,0.445,306,0.445
205,201,0.454,305,0.444,302,0.427
206,236,0.453,204,0.452,306,0.450
207,307,0.418,407,0.403,697,0.399
208,594,0.417,578,0.410,763,0.393
209,487,0.407,762,0.392,771,0.391
211,212,0.422,314,0.419,311,0.416
212,216,0.466,314,0.447,214,0.428
214,212,0.428,216,0.416,316,0.414
215,231,0.464,311,0.433,315,0.431
216,212,0.466,314,0.443,227,0.441
220,320,0.438,191,0.436,331,0.417
222,226,0.435,324,0.435,206,0.430
224,222,0.430,323,0.428,294,0.419
225,235,0.438,325,0.432,275,0.429
226,236,0.446,222,0.435,206,0.427
227,216,0.441,256,0.430,212,0.427
230,181,0.436,590,0.429,270,0.427
231,215,0.464,311,0.444,315,0.432
232,534,0.436,202,0.424,531,0.420
234,225,0.408,307,0.392,331,0.387
235,285,0.453,225,0.438,275,0.427
236,206,0.453,226,0.446,204,0.439
240,299,0.418,298,0.403,340,0.403
242,284,0.426,393,0.420,275,0.407
243,244,0.452,246,0.434,293,0.421
244,243,0.452,246,0.443,286,0.427
245,341,0.431,247,0.411,242,0.405
246,244,0.443,243,0.434,344,0.431
247,248,0.412,245,0.411,763,0.399
248,299,0.415,247,0.412,341,0.384
252,255,0.431,254,0.424,256,0.422
253,254,0.456,256,0.440,354,0.439
254,253,0.456,354,0.446,256,0.443
255,252,0.431,760,0.408,245,0.404
256,254,0.443,356,0.440,253,0.440
260,281,0.417,200,0.414,280,0.412
262,284,0.437,263,0.416,206,0.415
263,266,0.451,293,0.443,294,0.429
266,263,0.451,296,0.442,276,0.436
270,230,0.427,390,0.411,290,0.411
274,282,0.367,284,0.365,726,0.362
275,285,0.435,225,0.429,235,0.427
276,296,0.436,266,0.436,286,0.432
277,618,0.410,247,0.391,691,0.389
279,371,0.422,275,0.403,375,0.393
280,281,0.446,200,0.418,260,0.412
281,280,0.446,200,0.421,260,0.417
282,284,0.442,203,0.426,206,0.423
284,282,0.442,262,0.437,206,0.436
285,235,0.453,393,0.439,275,0.435
286,296,0.454,294,0.436,696,0.435
290,291,0.447,390,0.415,530,0.414
291,290,0.447,192,0.408,220,0.403
292,204,0.445,206,0.443,293,0.441
293,294,0.457,263,0.443,292,0.441
294,293,0.457,526,0.445,292,0.441
295,395,0.424,401,0.404,301,0.404
296,286,0.454,396,0.451,576,0.450
298,616,0.408,299,0.404,240,0.403
299,240,0.418,248,0.415,763,0.412
300,200,0.450,590,0.433,520,0.431
301,305,0.434,335,0.427,205,0.425
302,201,0.435,203,0.430,504,0.430
303,306,0.447,204,0.432,206,0.431
304,336,0.434,293,0.429,204,0.427
305,505,0.448,205,0.444,301,0.434
306,206,0.450,303,0.447,204,0.445
307,407,0.429,207,0.418,597,0.414
308,309,0.396,226,0.390,366,0.378
309,308,0.396,179,0.359,464,0.358
311,315,0.460,231,0.444,501,0.434
314,212,0.447,216,0.443,211,0.419
315,311,0.460,231,0.432,215,0.431
316,748,0.434,356,0.432,646,0.427
320,220,0.438,502,0.423,191,0.422
321,324,0.436,222,0.425,225,0.422
322,324,0.439,583,0.423,302,0.422
323,224,0.428,293,0.420,303,0.420
324,322,0.439,321,0.436,222,0.435
325,583,0.455,225,0.432,322,0.420
326,336,0.455,180,0.429,576,0.426
330,590,0.437,300,0.422,570,0.421
331,320,0.421,220,0.417,191,0.412
335,301,0.427,361,0.421,579,0.418
336,326,0.455,396,0.453,576,0.442
340,647,0.416,240,0.403,341,0.399
341,245,0.431,255,0.403,340,0.399
343,344,0.449,346,0.443,246,0.414
344,343,0.449,346,0.436,246,0.431
346,343,0.443,344,0.436,356,0.424
349,410,0.381,308,0.373,299,0.371
354,254,0.446,253,0.439,256,0.437
356,256,0.440,253,0.437,316,0.432
360,390,0.417,330,0.401,370,0.397
361,285,0.425,405,0.425,335,0.421
365,575,0.383,371,0.381,295,0.377
366,306,0.419,206,0.411,183,0.409
370,390,0.413,379,0.413,230,0.407
371,375,0.451,301,0.423,279,0.422
372,252,0.406,354,0.403,216,0.403
373,374,0.453,396,0.430,576,0.427
374,373,0.453,396,0.433,336,0.433
375,371,0.451,301,0.403,275,0.402
376,582,0.437,506,0.430,531,0.427
378,311,0.380,315,0.374,255,0.371
379,370,0.413,380,0.365,432,0.358
380,432,0.406,370,0.403,110,0.374
381,385,0.411,375,0.398,741,0.394
382,384,0.442,385,0.421,741,0.410
383,387,0.389,737,0.383,382,0.359
384,382,0.442,456,0.397,446,0.385
385,741,0.429,382,0.421,745,0.413
386,743,0.388,586,0.386,183,0.385
387,385,0.393,383,0.389,737,0.379
390,181,0.420,360,0.417,290,0.415
391,291,0.391,594,0.391,578,0.383
392,151,0.411,149,0.386,150,0.386
393,285,0.439,284,0.421,242,0.420
394,393,0.409,335,0.407,361,0.396
395,295,0.424,301,0.411,401,0.402
396,336,0.453,576,0.452,296,0.451
397,404,0.435,402,0.426,566,0.412
400,690,0.420,300,0.406,600,0.403
401,605,0.442,405,0.406,361,0.404
402,404,0.460,406,0.440,397,0.426
403,604,0.425,402,0.413,404,0.413
404,402,0.460,397,0.435,406,0.428
405,361,0.425,393,0.419,285,0.416
406,402,0.440,396,0.439,306,0.434
407,607,0.429,307,0.429,697,0.411
408,608,0.426,618,0.420,555,0.397
409,410,0.455,609,0.434,660,0.388
410,409,0.455,609,0.443,660,0.385
415,533,0.391,595,0.390,509,0.376
420,587,0.424,598,0.405,739,0.387
421,503,0.421,300,0.404,593,0.403
430,531,0.380,683,0.374,734,0.371
431,631,0.407,184,0.390,281,0.389
432,380,0.406,370,0.378,420,0.365
440,450,0.407,006,0.403,107,0.400
441,442,0.430,445,0.397,695,0.381
442,441,0.430,445,0.417,695,0.408
445,442,0.417,695,0.416,441,0.397
446,456,0.409,384,0.385,392,0.384
447,470,0.360,498,0.359,670,0.353
448,284,0.405,206,0.388,460,0.386
449,089,0.437,591,0.397,571,0.375
450,107,0.412,569,0.409,440,0.407
451,151,0.365,392,0.360,005,0.360
452,387,0.326,720,0.324,459,0.318
456,446,0.409,384,0.397,382,0.378
458,586,0.360,459,0.352,100,0.350
459,021,0.373,100,0.355,458,0.352
460,201,0.398,205,0.387,302,0.386
461,487,0.401,529,0.399,534,0.391
462,108,0.349,110,0.349,151,0.348
463,576,0.442,336,0.433,524,0.429
464,306,0.386,204,0.376,514,0.371
465,335,0.394,301,0.388,395,0.374
466,636,0.397,729,0.396,603,0.363
468,636,0.405,729,0.378,678,0.368
469,762,0.383,529,0.376,168,0.374
470,447,0.360,670,0.349,460,0.349
471,631,0.380,610,0.368,570,0.364
472,512,0.342,499,0.337,675,0.334
474,021,0.355,761,0.353,119,0.351
476,566,0.407,576,0.403,296,0.394
477,684,0.385,589,0.371,682,0.371
480,382,0.368,752,0.363,170,0.355
481,613,0.361,463,0.358,622,0.356
482,386,0.373,484,0.367,602,0.365
483,496,0.379,616,0.359,625,0.350
484,586,0.379,742,0.373,743,0.372
486,654,0.371,561,0.370,509,0.361
487,531,0.416,209,0.407,202,0.404
489,227,0.383,212,0.380,314,0.379
490,415,0.329,556,0.322,557,0.320
491,666,0.388,667,0.368,558,0.365
492,613,0.375,626,0.365,253,0.364
493,725,0.361,484,0.355,477,0.349
494,725,0.382,489,0.369,409,0.349
496,633,0.409,653,0.408,698,0.394
497,661,0.405,662,0.389,680,0.388
498,663,0.363,447,0.359,559,0.343
499,605,0.358,460,0.353,186,0.338
500,570,0.437,181,0.415,590,0.414
501,311,0.434,231,0.425,315,0.425
502,320,0.423,331,0.410,191,0.410
503,421,0.421,300,0.413,593,0.407
504,302,0.430,574,0.428,306,0.410
505,305,0.448,575,0.435,185,0.423
506,531,0.443,376,0.430,582,0.424
507,246,0.428,244,0.422,336,0.422
509,680,0.392,561,0.387,533,0.379
510,590,0.432,610,0.430,567,0.421
511,510,0.415,519,0.407,513,0.399
512,513,0.411,511,0.390,039,0.390
513,519,0.414,512,0.411,511,0.399
514,596,0.389,528,0.380,276,0.379
515,545,0.396,518,0.389,510,0.385
517,630,0.415,774,0.413,082,0.403
518,592,0.416,099,0.400,581,0.393
519,513,0.414,510,0.409,511,0.407
520,300,0.431,590,0.422,200,0.422
521,672,0.389,602,0.387,393,0.365
522,099,0.409,520,0.383,518,0.378
523,770,0.379,584,0.375,567,0.373
524,576,0.440,526,0.430,463,0.429
525,099,0.392,773,0.391,518,0.390
526,294,0.445,296,0.433,576,0.431
527,207,0.375,597,0.368,607,0.368
528,596,0.381,286,0.381,244,0.381
529,168,0.410,461,0.399,762,0.387
530,181,0.423,290,0.414,230,0.413
531,506,0.443,721,0.438,376,0.427
532,534,0.422,232,0.410,776,0.399
533,595,0.416,734,0.409,415,0.391
534,232,0.436,532,0.422,776,0.410
535,536,0.387,537,0.354,538,0.334
536,535,0.387,537,0.361,538,0.305
537,536,0.361,535,0.354,539,0.319
538,776,0.369,539,0.357,376,0.350
539,734,0.357,538,0.357,531,0.351
540,610,0.405,510,0.391,570,0.383
541,375,0.370,575,0.358,305,0.358
542,501,0.380,543,0.375,205,0.375
543,542,0.375,215,0.374,231,0.374
544,642,0.382,554,0.366,646,0.350
545,515,0.396,038,0.380,512,0.378
546,150,0.375,633,0.367,660,0.367
547,404,0.418,604,0.404,402,0.400
548,028,0.358,546,0.352,150,0.350
550,560,0.431,690,0.426,567,0.424
551,552,0.417,301,0.385,575,0.384
552,551,0.417,575,0.378,579,0.374
553,226,0.377,222,0.375,236,0.373
554,642,0.401,595,0.385,533,0.376
555,608,0.411,618,0.403,408,0.397
556,557,0.441,662,0.411,728,0.375
557,556,0.441,662,0.374,654,0.372
558,666,0.410,491,0.365,167,0.354
559,663,0.387,673,0.379,670,0.376
560,550,0.431,600,0.422,690,0.413
561,509,0.387,415,0.374,654,0.372
562,633,0.418,698,0.400,597,0.397
565,568,0.432,599,0.403,571,0.401
566,576,0.449,294,0.434,286,0.433
567,581,0.430,584,0.429,550,0.424
568,565,0.432,569,0.428,580,0.421
569,568,0.428,067,0.423,580,0.421
570,590,0.440,500,0.437,181,0.435
571,093,0.407,565,0.401,569,0.398
574,504,0.428,302,0.428,203,0.427
575,505,0.435,305,0.426,205,0.422
576,396,0.452,296,0.450,566,0.449
577,618,0.402,555,0.394,608,0.390
578,594,0.446,619,0.415,331,0.412
579,583,0.420,335,0.418,578,0.409
580,569,0.421,568,0.421,587,0.412
581,567,0.430,774,0.402,510,0.400
582,376,0.437,202,0.429,506,0.424
583,325,0.455,225,0.427,322,0.423
584,567,0.429,530,0.404,370,0.404
585,182,0.415,381,0.393,655,0.390
586,743,0.393,386,0.386,742,0.384
587,420,0.424,580,0.412,159,0.397
588,693,0.397,631,0.365,195,0.359
589,028,0.374,477,0.371,410,0.367
590,593,0.461,570,0.440,200,0.438
591,089,0.424,593,0.420,599,0.417
592,518,0.416,099,0.411,525,0.385
593,590,0.461,599,0.439,089,0.436
594,578,0.446,208,0.417,191,0.399
595,533,0.416,734,0.414,582,0.405
596,696,0.446,296,0.429,406,0.422
597,697,0.415,307,0.414,607,0.413
598,420,0.405,081,0.385,587,0.382
599,593,0.439,089,0.438,070,0.422
600,690,0.422,560,0.422,610,0.407
601,372,0.397,394,0.388,361,0.386
602,603,0.452,606,0.450,604,0.436
603,602,0.452,606,0.449,604,0.437
604,606,0.441,603,0.437,602,0.436
605,401,0.442,403,0.401,295,0.397
606,602,0.450,603,0.449,604,0.441
607,697,0.456,407,0.429,597,0.413
608,618,0.462,408,0.426,555,0.411
609,410,0.443,409,0.434,660,0.404
610,510,0.430,186,0.426,230,0.424
613,626,0.414,624,0.413,622,0.411
616,298,0.408,699,0.391,633,0.391
618,608,0.462,408,0.420,277,0.410
619,578,0.415,594,0.395,407,0.393
621,625,0.407,407,0.368,607,0.366
622,624,0.457,626,0.447,323,0.416
624,622,0.457,626,0.456,613,0.413
625,621,0.407,245,0.404,583,0.396
626,624,0.456,622,0.447,246,0.423
630,631,0.416,517,0.415,082,0.393
631,630,0.416,431,0.407,693,0.399
632,150,0.340,171,0.338,028,0.330
633,698,0.431,562,0.418,496,0.409
634,519,0.389,630,0.378,775,0.359
635,636,0.359,466,0.348,468,0.346
636,468,0.405,466,0.397,729,0.389
637,578,0.366,207,0.366,619,0.361
638,381,0.391,380,0.365,631,0.365
639,518,0.371,631,0.354,517,0.354
642,646,0.444,356,0.414,554,0.401
646,642,0.444,356,0.429,316,0.427
647,340,0.416,240,0.394,298,0.391
650,151,0.355,657,0.353,446,0.352
651,642,0.378,646,0.377,734,0.365
652,607,0.412,697,0.400,597,0.394
653,496,0.408,307,0.385,577,0.371
654,509,0.376,557,0.372,561,0.372
655,585,0.390,182,0.371,166,0.369
656,235,0.391,335,0.385,579,0.383
657,421,0.383,330,0.377,522,0.376
658,676,0.372,510,0.365,666,0.363
660,609,0.404,664,0.398,652,0.389
661,497,0.405,680,0.399,618,0.386
662,556,0.411,671,0.400,680,0.391
663,664,0.425,673,0.394,670,0.391
664,663,0.425,671,0.423,660,0.398
665,670,0.377,119,0.365,660,0.363
666,558,0.410,676,0.388,491,0.388
667,660,0.372,491,0.368,482,0.354
669,752,0.362,550,0.361,560,0.356
670,673,0.422,663,0.391,665,0.377
671,664,0.423,662,0.400,661,0.376
672,521,0.389,660,0.367,527,0.357
673,670,0.422,663,0.394,559,0.379
674,662,0.388,409,0.375,684,0.370
675,670,0.377,673,0.365,663,0.364
676,025,0.397,666,0.388,059,0.384
678,468,0.368,075,0.365,084,0.359
680,661,0.399,509,0.392,681,0.391
681,680,0.391,682,0.390,112,0.384
682,684,0.406,681,0.390,680,0.386
683,430,0.374,681,0.374,651,0.364
684,682,0.406,477,0.385,112,0.376
690,550,0.426,600,0.422,593,0.422
691,277,0.389,618,0.378,608,0.375
692,517,0.400,092,0.392,778,0.390
693,631,0.399,588,0.397,195,0.369
694,245,0.382,247,0.376,285,0.372
695,445,0.416,442,0.408,441,0.381
696,596,0.446,286,0.435,266,0.434
697,607,0.456,597,0.415,407,0.411
698,633,0.431,699,0.413,562,0.400
699,698,0.413,607,0.396,298,0.396
700,710,0.438,023,0.436,024,0.428
701,520,0.385,511,0.385,513,0.383
710,065,0.443,700,0.438,066,0.431
712,149,0.393,070,0.388,101,0.385
719,194,0.369,151,0.357,145,0.347
720,169,0.361,193,0.337,387,0.332
721,531,0.438,506,0.420,376,0.410
722,106,0.377,161,0.372,049,0.365
723,185,0.380,585,0.372,375,0.372
724,040,0.429,073,0.429,062,0.420
725,494,0.382,477,0.367,493,0.361
726,183,0.429,366,0.406,303,0.388
727,660,0.362,619,0.359,636,0.349
728,662,0.386,556,0.375,671,0.367
729,466,0.396,636,0.389,468,0.378
730,517,0.370,773,0.369,590,0.360
731,741,0.395,732,0.394,735,0.388
732,735,0.420,741,0.413,371,0.402
733,736,0.393,183,0.370,726,0.354
734,595,0.414,533,0.409,582,0.409
735,732,0.420,371,0.403,375,0.396
736,733,0.393,183,0.382,732,0.371
737,383,0.383,387,0.379,207,0.360
738,375,0.361,371,0.354,187,0.349
739,587,0.395,159,0.392,420,0.387
741,745,0.448,385,0.429,732,0.413
742,743,0.421,741,0.405,745,0.400
743,742,0.421,586,0.393,386,0.388
745,741,0.448,385,0.413,742,0.400
747,056,0.355,002,0.350,446,0.348
748,316,0.434,646,0.426,356,0.421
749,619,0.392,530,0.378,560,0.375
752,756,0.418,175,0.392,382,0.392
755,182,0.392,752,0.385,139,0.369
756,752,0.418,736,0.366,170,0.359
760,255,0.408,354,0.403,314,0.398
761,119,0.359,665,0.356,474,0.353
762,168,0.401,209,0.392,529,0.387
763,299,0.412,247,0.399,298,0.399
769,090,0.418,091,0.416,591,0.403
770,584,0.392,567,0.382,038,0.381
771,168,0.403,209,0.391,529,0.385
772,215,0.355,231,0.350,183,0.348
773,131,0.400,778,0.395,091,0.394
774,517,0.413,581,0.402,124,0.398
775,593,0.397,568,0.384,517,0.383
776,376,0.424,531,0.424,506,0.420
777,590,0.400,230,0.396,690,0.393
778,200,0.404,773,0.395,692,0.390
780,781,0.364,616,0.312,555,0.310
781,780,0.364,556,0.353,613,0.352
790,059,0.379,581,0.366,175,0.366
